url,imageCount,scriptCount,totalResourceSize,angular.js,backbone.js,d3.js,dojo,ember.js,ext.js,fastclick,hammer.js,jquery ui,jquery,knockout.js,lodash,modernizr,moment.js,mootools,prototype.js,require.js,scriptaculous,socket.io,transit,underscore,yui,zepto.js,chartbeat,comscore,crazyegg,googleAnalytics,hubspot,kissmetrics,marketo,mixpanel,optimizely,pingdom,quantcast,tapstream,vero,woopra,adroll,doubleclick
http://google.com,4,2,198881,,,,,,,,,,,,,,,,,,,,,,,,,,,,,,,,,,,,,,,
http://youtube.com,28,8,1575990,,,,,,,,,,,,,,,,,,,,,,,,,,,,,,,,,,,,,,,true
http://yahoo.com,39,10,1330384,,,,,,,,,,,,,,,,,,,,,,3.8.1,,,true,,,,,,,,,,,,,,true
http://baidu.com,7,6,213499,,,,,,,,,,1.10.2,,,,,,,,,,,,,,,,,,,,,,,,,,,,,
http://wikipedia.org,16,1,121926,,,,,,,,,,,,,,,,,,,,,,,,,,,,,,,,,,,,,,,
http://qq.com,152,29,1901281,,,,,,,,,,1.8.3,,,,,,,,,,,,,,,,,,,,,,,,,,,,,
http://amazon.com,115,2,1954487,,,,,,,,,,1.6.4,,,,,,,,,,,,,,,,,,,,,,,,,,,,,
http://taobao.com,128,19,1816948,,,,,,,,,,,,,,,,,,,,,,,,,,,,,,,,,,,,,,,
http://live.com,6,6,485486,,,,,,,,,,,,,,,,,,,,,,,,,,,,,,,,,,,,,,,
http://twitter.com,4,3,776147,,,,,,,,,,1.8.3,,,,,,,,,,,,,,,,,true,,,,,,,,,,,,
http://linkedin.com,14,11,486545,,,,,,,,,,1.7.1,,,,,,,,,,,1.4.4,,,,true,,true,,,,,,,true,,,,,
http://sina.com.cn,17,73,966186,,,,,,,,,,,,,,,,,,,,,,,,,,,,,,,,,,,,,,,
http://blogspot.com,5,0,90542,,,,,,,,,,,,,,,,,,,,,,,,,,,,,,,,,,,,,,,
http://google.co.in,4,2,329266,,,,,,,,,,,,,,,,,,,,,,,,,,,,,,,,,,,,,,,
http://hao123.com,9,2,126591,,,,,,,,,,1.7.2,,,,,,,,,,,,,,,,,,,,,,,,,,,,,
http://163.com,70,22,981394,,,,,,,,,,,,,,,,,,,,,,,,,,,,,,,,,,,,,,,
http://weibo.com,49,26,602422,,,,,,,,,,1.8.3,,,,,,,,,,,,,,,,,true,,,,,,,,,,,,true
http://ebay.com,190,35,4636111,,,,,,,,,,1.7,,,,,,,,,,,,,,,,,,,,,,,,,,,,,true
http://wordpress.com,7,4,171981,,,,,,,,,,,,,2.6.2,,,,,,,,,,,,,,true,,true,,,,,,,,,,
http://yahoo.co.jp,25,10,436060,,,,,,,,,,,,,,,,,,,,,,,,,,,,,,,,,,,,,,,
http://yandex.ru,37,5,795649,,,,,,,,,,1.8.3,,,2.6.2,,,,,,,,,,,,,,,,,,,,,,,,,,
http://bing.com,26,11,793440,,,,,,,,,,,,,,,,,,,,,,,,,,,,,,,,,,,,,,,
http://vk.com,11,7,498634,,,,,,,,,,,,,,,,,,,,,,,,,,,,,,,,,,,,,,,
http://google.de,4,2,198450,,,,,,,,,,,,,,,,,,,,,,,,,,,,,,,,,,,,,,,
http://360.cn,26,8,715263,,,,,,,,,,1.7.1,,,,,,,,,,,,,,,,,true,,,,,,,,,,,,
http://tmall.com,49,37,1424898,,,,,,,,,,,,,,,,,,,,,,,,,,,,,,,,,,,,,,,
http://sohu.com,28,8,286676,,,,,,,,,,1.6.2,,,,,,,2.1.2,,,,,,,,,,,,,,,,,,,,,,
http://pinterest.com,5,4,1712988,,0.9.10,,,,,,,1.10.1,1.10.2,,,2.6.2,,,,2.0.6,,,0.9.9,1.4.3,,,,,,true,,,,,,,,,,,,
http://google.co.uk,3,2,243926,,,,,,,,,,,,,,,,,,,,,,,,,,,,,,,,,,,,,,,
http://soso.com,3,3,29643,,,,,,,,,,,,,,,,,,,,,,,,,,,,,,,,,,,,,,,
http://google.fr,3,1,178478,,,,,,,,,,,,,,,,,,,,,,,,,,,,,,,,,,,,,,,
http://msn.com,39,7,758783,,,,,,,,,,1.4.2,,,,,,,,,,,,,,,,,,,,,,,,,,,,,
http://ask.com,22,12,1075327,,,,,,,,,1.8.14,1.6.2,,,,,,,,,,,,,,,true,,true,,,,,,,,,,,,true
http://google.co.jp,3,1,184471,,,,,,,,,,,,,,,,,,,,,,,,,,,,,,,,,,,,,,,
http://mail.ru,67,9,655758,,,,,,,,,,,,,,,,,,,,,,,,,,,,,,,,,,,,,,,true
http://paypal.com,30,7,1694142,,,,,,,,,1.8.16,1.7.1,,,2.0.6,,,,2.1.6,,,,,,,,,,,,,,,,,,,,,,true
http://microsoft.com,30,10,924500,,,,,,,,,,1.7.2,,,2.6.2,,,,,,,,,,,,true,,,,,,,,,,,,,,
http://google.com.br,5,2,263340,,,,,,,,,,,,,,,,,,,,,,,,,,,,,,,,,,,,,,,
http://google.ru,4,1,156107,,,,,,,,,,,,,,,,,,,,,,,,,,,,,,,,,,,,,,,
http://instagram.com,15,11,1694726,,,,,,,,,,1.7.2,,,,,,,almond.js,,,,,,,,,,true,,,,,,,,,,,,
http://apple.com,35,19,1276047,,,,,,,,,,,,,,,,1.7,,1.8.0,,,,,,,,,,,,,,,,,,,,,
http://xvideos.com,44,7,497903,,,,,,,,,,1.7.2,,,2.6.2,,,,,,,,,,,,,,,,,,,,,,,,,,
http://google.it,3,1,264722,,,,,,,,,,,,,,,,,,,,,,,,,,,,,,,,,,,,,,,
http://ifeng.com,94,29,1043379,,,,,,,,,,,,,,,,,,,,,,,,,,,,,,,,,,,,,,,
http://google.es,3,1,243506,,,,,,,,,,,,,,,,,,,,,,,,,,,,,,,,,,,,,,,
http://imdb.com,73,9,1548692,,,,,,,,,1.8.19,1.7.2,,,,,,,,,,,,,,,true,,true,,,,,,,,,,,,true
http://google.com.hk,3,1,166692,,,,,,,,,,,,,,,,,,,,,,,,,,,,,,,,,,,,,,,
http://craigslist.org,0,0,90,,,,,,,,,,,,,,,,,,,,,,,,,,,,,,,,,,,,,,,
http://amazon.co.jp,85,2,1129173,,,,,,,,,,1.6.4,,,,,,,,,,,,,,,,,,,,,,,,,,,,,
http://blogger.com,5,0,82588,,,,,,,,,,,,,,,,,,,,,,,,,,,,,,,,,,,,,,,
http://xhamster.com,80,4,1510184,,,,,,,,,,1.9.1,,,2.6.2,,,,,,,,,,,,,,,,,,,,,,,,,,
http://go.com,26,26,1446887,,,,,,,,,,1.6.3,,,2.6.2,,,,,,,,,,,,true,,true,,,,,,,,,,,,true
http://bbc.co.uk,60,55,1390321,,,,,,,,,,,,,,,,,2.1.6,,,,,,,,true,,,,,,,,,,,,,,true
http://google.com.mx,3,2,188511,,,,,,,,,,,,,,,,,,,,,,,,,,,,,,,,,,,,,,,
http://stackoverflow.com,18,9,709520,,,,,,,,,,1.7.1,,,,,,,,,,,,,,,true,,true,,,,,,,true,,,,,
http://neobux.com,12,5,323385,,,,,,,,,,1.7,,,,,,,,,,,,,,,,,,,,,,,,,,,,,
http://adobe.com,37,36,2870986,,,,,,,,,1.10.2,1.8.2,,,,,,,,,,0.9.9,,,,,,,,,,,,,,,,,,,true
http://alibaba.com,25,10,630994,,,,,,,,,,,,,,,,,,,,,,,,,,,true,,,,,,,,,,,,
http://google.ca,4,2,250966,,,,,,,,,,,,,,,,,,,,,,,,,,,,,,,,,,,,,,,
http://fc2.com,15,13,914796,,,,,,,,,,1.2.6,,,,,,,,,,,,,,,,,true,,,,,,,,,,,,true
http://imgur.com,99,25,2413001,,,,,,,,,1.8.23,1.7.2,,2.2.1,,1.7.2,,,,,,,2.2.1,,,,true,,true,,,,,,,true,,,,,true
http://cnn.com,104,41,2568744,,,,,,,,,,1.7.2,2.1.0,,2.6.2,,,1.6.0.3,,1.8.2,,,,,,true,,,,,,,,true,,,,,,,true
http://huffingtonpost.com,52,45,4497851,,,,,,,,,@VERSION,1.6.2,,,,,,,,,,,,,,,true,,true,,,,,,,true,,,,,
http://xinhuanet.com,83,5,806641,,,,,,,,,,1.7.1,,,,,,,,,,,,,,,,,,,,,,,,,,,,,
http://amazon.de,95,2,1262486,,,,,,,,,,1.6.4,,,,,,,,,,,,,,,,,,,,,,,,,,,,,
http://vube.com,20,13,2313807,1.0.7,,,,,,,,,1.10.1,,,2.6.2,,,,,,,,,,,,,,true,,,,,,,,,,,,
http://alipay.com,1,0,87809,,,,,,,,,,,,,,,,,,,,,,,,,,,,,,,,,,,,,,,
http://wordpress.org,13,3,812958,,,,,,,,,,1.10.1,,,,,,,,,,,,,,,,,true,,,,,,,true,,,,,
http://odnoklassniki.ru,10,8,399726,,,,,,,,,,1.8.3,,,,,,,,,,,,,,,,,,,,,,,,,,,,,
http://conduit.com,56,14,2471734,,,,,,,,,,1.9.1,,,,,,,,,,,,,,,,,true,,,,,,,,,,,true,true
http://flickr.com,17,10,1778130,,,,,,,,,,,,,,,,,,,,,,3.11.0,,,true,,,,,,,,,,,,,,
http://reddit.com,36,8,846124,,1.0.0,,,,,,,,1.7.2,,,,,,,,,,,1.4.4,,,,,,true,,,,,,,,,,,,
http://gmw.cn,4,0,128607,,,,,,,,,,1.7.2,,,,,,,,,,,,,,,,,true,,,,,,,,,,,,
http://espn.go.com,103,27,2599246,,,,,,,,,@VERSION,1.7.1,,,,,,,,,,,,,,true,,,,,,,,true,,,,,,,true
http://t.co,1,0,3591,,,,,,,,,,,,,,,,,,,,,,,,,,,,,,,,,,,,,,,
http://google.com.tr,5,2,239868,,,,,,,,,,,,,,,,,,,,,,,,,,,,,,,,,,,,,,,
http://ebay.de,78,10,1690506,,,,,,,,,,1.7,,,,,,,,,,,,,,,,,,,,,,,,,,,,,true
http://aliexpress.com,117,14,2370027,,,,,,,,,,,,,,,,,,,,,,,,,,,true,,,,,,,,,,,,true
http://pornhub.com,51,23,1625740,,,,,,,,,1.10.3,1.8.3,,,,,1.4.5,,,,,,,,,,,,true,,,,,,,,,,,,
http://blogspot.in,3,2,235985,,,,,,,,,,,,,,,,,,,,,,,,,,,,,,,,,,,,,,,
http://amazon.co.uk,97,2,1136601,,,,,,,,,,1.6.4,,,,,,,,,,,,,,,,,,,,,,,,,,,,,
http://google.com.au,3,1,218350,,,,,,,,,,,,,,,,,,,,,,,,,,,,,,,,,,,,,,,
http://about.com,67,24,3188209,,,,,,,,,,1.6.1,,,2.0.4,,,,,,,,,,,,,,true,,,,,,,,,,,,
http://youku.com,160,23,1966554,,,,,,,,,,,,,,,,1.6.1,,,,,,,,,true,,,,,,,,,,,,,,
http://google.pl,4,2,356559,,,,,,,,,,,,,,,,,,,,,,,,,,,,,,,,,,,,,,,
http://rakuten.co.jp,638,141,7875435,,,,,,,,,1.8.16,1.4.2,,,,,,,,,,,,,,,,,,,,,,,,,,,,,true
http://adcash.com,14,3,569241,,,,,,,,,1.9.2,1.9.1,,,,,,,,,,,,,,,,,,,,,,,,,,,,,
http://ebay.co.uk,80,15,1697502,,,,,,,,,,1.7,,,,,,,,,,,,,,,,,,,,,,,,,,,,,true
http://godaddy.com,35,34,2347312,,,,,,,,,1.7.2,1.5.1,,,,,,,,,,,,,,,,,true,,,,,true,,,,,,,true
http://dailymotion.com,81,8,2156805,,,,,,,,,,1.9.0,,,,,,1.7,,,,,,,,,,,true,,,,,,,,,,,,
http://ku6.com,40,14,1463223,,,,,,,,,,1.9.1,,,,,,,,,,,,,,,,,,,,,,,,,,,,,
http://netflix.com,14,7,391652,,,,,,,,,1.10.3,1.10.2,,,2.6.2,,,,,,,,,,,,,,,,,,,,,,,,,,true
http://cnet.com,110,110,3242415,,,,,,,,,,,,,,,1.4.1,,,,,,,,,,,,true,,,,,,,,,,,,true
http://dailymail.co.uk,473,44,9910191,,,,,,3.1.0,,,,1.10.2,,1.3.1,,,,,,,,,1.3.1,,,,true,,true,,,,,,,,,,,,true
http://vimeo.com,28,11,546342,,,,,,,,,,,,,,,1.4.5,,,,,,1.4.4,,,,true,true,true,,,,,,,,,,,,true
http://sogou.com,2,2,73092,,,,,,,,,,,,,,,,,,,,,,,,,,,,,,,,,,,,,,,
http://kickass.to,15,6,465185,,,,,,,,,1.10.3,1.10.2,,,,,,,,,,,,,,,,,true,,,,,,,,,,,,
http://walmart.com,40,15,1795159,,,,,,,,,1.8.11,1.7.2,,,2.5.3,,,,2.1.5,,,,,,,,,,,,,,,,,,,,,,true
http://redtube.com,165,10,2867979,,,,,,,,,1.8.16,1.6.4,,,,,,,,,,,,,,,,,true,,,,,,,,,,,,
http://indiatimes.com,86,24,1542527,,,,,,,,,,1.7.1,,,,,,,,,,,,,,true,true,,true,,,,,,,,,,,,true
http://uol.com.br,113,7,1151564,,,,,,,,,,1.9.1,,,,,,,,,,,,,,,,,,,,,,,,,,,,,true
http://youporn.com,53,21,1820722,,,,,,,,,1.10.3,1.8.3,,,2.6.2,,,,,,,,1.4.4,,,,,,true,,,,,,,,,,,,
http://xnxx.com,61,14,1934067,,,,,,,,,,,,,,,,,,,,,,,,,,,true,,,,,,,,,,,,
http://aol.com,55,19,1979337,,,,,,,,,,1.5.2,,,,,,,,,,,,,,,,,,,,,,,,,,,,,
http://google.com.ar,4,2,207680,,,,,,,,,,,,,,,,,,,,,,,,,,,,,,,,,,,,,,,
http://themeforest.net,62,10,1063967,,,,,,,true,,,1.9.1,,,2.7.1,,,,,,,,1.5.1,,,,,,true,,,,,,,,,,,,true
http://google.com.sa,4,1,214533,,,,,,,,,,,,,,,,,,,,,,,,,,,,,,,,,,,,,,,
http://livejasmin.com,38,3,823118,,,,,,3.1.0,,,,,,,,,,,,,0.9.11,,,,,,,,true,,,,,,,,,,,,
http://weather.com,126,58,4644809,,,,,,,,,,1.7.2,,,,,,,,,,,,,,true,true,,,,,,,true,,,,,,,true
http://dropbox.com,23,7,1893586,,,,,,,,,1.10.3,1.10.2,,,2.5.3,,,1.7,2.1.8,,,,,,,,,,true,,,,,,,,,,,,
http://slideshare.net,60,20,2636268,,,,,,,,,1.7.1,1.7.2,,,,,,,,,,,,,,,true,,true,,,,true,,,,,,,,true
http://adf.ly,40,22,1083780,,,,,,,,,@VERSION,1.7.1,,,2.0.6,1.2.0,,,,,,,,,,,,,true,,,,,,,,,,,,
http://amazonaws.com,34,7,889958,,,,,,,,,1.9.2,1.8.2,,,2.6.2,,,,,,,,,,,,,,,,,,,,,,,,,,
http://pixnet.net,140,32,1493685,1.0.7,,,,,,,,,1.8.2,,,,,,,,,,,,,,,,,true,,,,true,,,,,,,,true
http://google.com.eg,4,2,247353,,,,,,,,,,,,,,,,,,,,,,,,,,,,,,,,,,,,,,,
http://directrev.com,7,7,434802,,,,,,,,,,1.7.1,,,,,,,,,,,,,,,,,true,,,,,,,,,,,,
http://nytimes.com,124,56,3452269,,0.5.3,,,,,,,,1.7.1,,,,,,1.7,,,,,1.2.0,,,true,true,,true,,,,,,,,,,,,true
http://etsy.com,30,8,1154463,,,,,,,,,,1.8.2,,,,,,,2.1.2,,,,1.4.4,,,,,,true,,,,,,,,,,,,true
http://globo.com,117,37,1565679,,,,,,,,,1.8.20,1.7.1,,,2.6.2,,,,,,,,,,,,,,true,,,,,,,,,,,,
http://mozilla.org,18,7,867633,,,,,,,,,,1.7.1,,,,,,,,,,,,,,,,,true,,,,,true,,,,,,,
http://google.nl,3,2,235510,,,,,,,,,,,,,,,,,,,,,,,,,,,,,,,,,,,,,,,
http://google.com.pk,2,1,229657,,,,,,,,,,,,,,,,,,,,,,,,,,,,,,,,,,,,,,,
http://wikimedia.org,16,0,181256,,,,,,,,,,,,,,,,,,,,,,,,,,,,,,,,,,,,,,,
http://google.com.tw,3,1,199777,,,,,,,,,,,,,,,,,,,,,,,,,,,,,,,,,,,,,,,
http://fiverr.com,69,22,2674136,,,,,,,,,,1.9.1,,,2.6.2,,,,,,,,1.0.1,,,,,,true,,,,,true,,,,,,true,true
http://deviantart.com,73,10,1978674,,,,,,,,,,1.10.1,,,,,,,,,,,,,,,true,,true,,,,,,,true,,,,,true
http://ameblo.jp,55,8,441995,,,,,,,,,,1.8.2,,,,,,,,,,,,,,,,,,,,,,,,,,,,,
http://hootsuite.com,38,18,1199422,,,,,,,,,,1.7.1,,,,,,,2.1.8,,,,1.4.4,,,,,,true,,,true,,true,,true,,,,true,true
http://wikia.com,148,42,2136325,,,,,,,,,,1.8.2,,,,,,,,,,,,,,,true,,true,,,,,,,true,,,,,true
http://blogfa.com,16,0,38129,,,,,,,,,,,,,,,,,,,,,,,,,,,,,,,,,,,,,,,
http://outbrain.com,62,40,2306467,,0.3.3,,,,,,,1.10.3,1.7.1,,,,,,,,,,,,,,,,,true,,true,,,,,,,,,true,true
http://media.tumblr.com,0,0,231,,,,,,,,,,,,,,,,,,,,,,,,,,,,,,,,,,,,,,,
http://livejournal.com,36,12,1831989,,1.0.0,,,,,,,1.8.24,1.8.3,,,,,,,,,,,1.4.4,,,,,,true,,,,,,,,,,,,
http://google.co.th,4,2,225252,,,,,,,,,,,,,,,,,,,,,,,,,,,,,,,,,,,,,,,
http://avg.com,33,19,4561962,,,,,,,,,1.8.13,1.7.2,,,,,,,,,,,,,,,,,true,,,,,,,,,,,,true
http://yelp.com,2,1,51177,,,,,,,,,,,,,,,,,,,,,,,,,,,true,,,,,,,,,,,,
http://livedoor.com,83,23,1055066,,,,,,,,,,1.4.2,,,,,,,,,,,,,,,,,true,,,,,,,,,,,,true
http://google.co.za,3,2,310678,,,,,,,,,,,,,,,,,,,,,,,,,,,,,,,,,,,,,,,
http://bestbuy.com,54,30,2017987,,1.0.0,,,,,,,1.10.3,1.8.3,,,,,,,2.1.5,,,,1.4.4,,,,,,,,,,,,,,,,,,true
http://4shared.com,26,60,1657758,,,,,,,,,1.8.16,1.6.4,,,,,,,,,,,,,,,,,true,,,,,,,true,,,,,
http://booking.com,57,21,1694646,,,,,,,,,1.8.6,1.4.4,,,,,,,,,,,,,,,,,true,,,,,,,,,,,,true
http://badoo.com,47,3,1185897,,,,,,,,,,,,,,,,,,,,,,,,,,,,,,,,,,,,,,,
http://mediafire.com,33,6,3650183,,,,,,,,,,1.7.2,,,,,,,,,,,,,,,,,true,,,,,,,,,,,,true
http://ask.fm,44,6,467611,,,,,,,,,,1.4.2,,,,,,,,,,,,,,,true,,true,,,,,,,true,,,,,true
http://theguardian.com,132,60,2888501,,,,,,,,,,1.8.1,,,,,,,2.1.5,,,,,,,true,,,,,,,,true,,true,,,,,true
http://buzzfeed.com,203,24,5395727,,,,,,,,,,,,,,,,1.7,,1.9.0,,,,,,,true,,true,,,,,,,true,,,,,true
http://wikihow.com,70,15,3111592,,,,,,,,,1.8.13,1.7.1,,,,,,,,,,,,,,,,,true,,,,,,,,,,,,
http://torrentz.eu,3,2,113933,,,,,,,,,,1.10.2,,,,,,,,,,,,,,,,,,,,,,,,,,,,,
http://w3schools.com,10,5,749178,,,,,,,,,,,,,,,,,,,,,,,,,,,true,,,,,,,,,,,,true
http://addthis.com,14,13,1000979,,,,,,,,,,1.8.3,,,2.6.2,,,,,,,,,,,,,,true,,,,,,,,,,,,
http://flipkart.com,133,11,2003613,,,,,,,,,,1.7.2,,2.2.1,,,,,,,,,2.2.1,,,,true,,true,,,,,,,,,,,true,true
http://google.co.ve,4,2,198064,,,,,,,,,,,,,,,,,,,,,,,,,,,,,,,,,,,,,,,
http://aweber.com,28,16,921952,,,,,,,,,1.8.12,1.7.1,,,,,,,,,,,,,,,,,true,,true,,,,,,,,,true,true
http://bankofamerica.com,9,4,292485,,,,,,,,,1.10.3,1.9.1,,,,,,,,,,,,,,,,,,,,,,,,,,,,,true
http://hostgator.com,32,8,751975,,,,,,,,,1.10.3,1.9.1,,,2.6.2,,,,,,,,,,,,,,true,,,,,true,,,,,,,true
http://liveinternet.ru,3,0,9580,,,,,,,,,,,,,,,,,,,,,,,,,,,,,,,,,,,,,,,
http://files.wordpress.com,7,4,172159,,,,,,,,,,,,,2.6.2,,,,,,,,,,,,,,true,,true,,,,,,,,,,
http://foxnews.com,114,42,2833467,,,,,,,,,,1.6.4,,,,,,,,,,,1.4.4,,,,true,,,,,,,,,,,,,,true
http://naver.com,65,15,1252591,,,,,,,,,,,,,,,,,,,,,,,,,,,,,,,,,,,,,,,true
http://softonic.com,25,16,1005850,,,,,,,,,,1.7.2,,,2.6.2,,,,,,,,,,,,true,,true,,,,,,,,,,,,true
http://chase.com,39,19,550302,,,,,,,,,,,,,,,,,2.1.6,,,,,,,,,,,,,,,,,,,,,,true
http://babylon.com,33,11,673965,,,,,,,,,,1.8.3,,,2.6.2,,,,,,,,,,,,,,true,,,,,,,,,,,,true
http://salesforce.com,19,9,887543,,,,,,,,,,1.10.2,,,2.5.3,,,,,,,,,,,,,,,,,,,,,,,,,,true
http://china.com.cn,157,4,1955358,,,,,,,,,,,,,,,,,,,,,,,,,,,,,,,,,,,,,,,
http://archive.org,16,2,244868,,,,,,,,,,1.6.1,,,,,,,,,,,,,,,,,,,,,,,,,,,,,
http://soundcloud.com,18,9,635585,,,,,,,,,,1.7.2,,,,,,,almond.js,,,,,,,,true,,true,,,,,,,true,,,,,
http://skype.com,14,12,1455460,,,,,,,,,,1.7.2,,,,,,,,,,,,,,,,,,,,,,,,,,,,,
http://allegro.pl,14,22,592229,,1.0.0,,,,,,true,,1.10.1,,,2.6.2,2.1.0,,,2.1.6,,,,1.4.4,,,,,,true,,,,,true,,,,,,,true
http://ups.com,9,2,47779,,,,,,,,,,,,,,,,,,,,,,,,,,,,,,,,,,,,,,,
http://google.co.id,5,2,283011,,,,,,,,,,,,,,,,,,,,,,,,,,,,,,,,,,,,,,,
http://google.gr,4,1,179366,,,,,,,,,,,,,,,,,,,,,,,,,,,,,,,,,,,,,,,
http://target.com,46,26,2462812,,,,,,,,,1.8.1,1.4.2,,,,,,,,,,,,,,,,,true,,,,,,,,,,,,true
http://google.com.co,3,2,188432,,,,,,,,,,,,,,,,,,,,,,,,,,,,,,,,,,,,,,,
http://statcounter.com,26,2,646604,,,,,,,,,,,,,,,,,,,,,,,,,,,,,,,,,,,,,,,
http://espncricinfo.com,147,43,4180354,,,,,,,,,,1.4.2,,,,,,,,,,,1.5.2,,,true,,,,,,,,,,,,,,,true
http://tube8.com,71,13,1859805,,,,,,,,,1.10.3,1.8.3,,,,,,,,,,,,,,,,,true,,,,,,,,,,,,
http://google.com.vn,5,2,193073,,,,,,,,,,,,,,,,,,,,,,,,,,,,,,,,,,,,,,,
http://amazon.fr,97,2,1293367,,,,,,,,,,1.6.4,,,,,,,,,,,,,,,,,,,,,,,,,,,,,
http://indeed.com,3,2,170214,,,,,,,,,,,,,,,,,,,,,,,,,true,,true,,,,,,,,,,,,true
http://spiegel.de,107,14,1362381,,,,,,,,,1.10.1,1.6.2,,,,,,,,,,,,,,,,,true,,,,,,,,,,,,
http://answers.com,88,16,4148107,,,,,,,,,1.8.23,1.8.3,,,,,,,,,,,,,,,true,,true,,,,,,,true,,,,,
http://github.com,11,4,1393517,,,3.3.9,,,,true,,,2.0.3,,,,2.1.0,,,,,,,,,,,,,true,,,,,,,,,,,,
http://mailchimp.com,10,17,1179608,,,,,,,true,true,,1.9.1,,,2.7.0,,,,,,,,,,,,,,true,,true,,,,,,,,,,true
http://google.be,4,2,366210,,,,,,,,,,,,,,,,,,,,,,,,,,,,,,,,,,,,,,,
http://reference.com,53,41,2188207,,,,,,,,,1.8.16,1.7.1,,,,,,,,,,,,,,,true,,true,,,,,,,true,,,,,true
http://tianya.cn,21,7,164303,,,,,,,,,20130926,1.6.4,,,,,,,,,,,,,,,,,,,,,,,,,,,,,
http://google.com.ua,4,2,233323,,,,,,,,,,,,,,,,,,,,,,,,,,,,,,,,,,,,,,,
http://jd.com,45,8,575722,,,,,,,,,,1.2.6,,,,,,,,,,,,,,,,,,,,,,,,,,,,,true
http://warriorforum.com,29,9,263062,,,,,,,,,,,,,,,,,,,,,,,,,,,true,,,,,,,,,,,,
http://so.com,9,6,195689,,,,,,,,,,1.8.3,,,,,,,,,,,,,,,,,,,,,,,,,,,,,
http://bet365.com,21,16,450514,,,,,,,,,,,,,,,,,,,,,,,,,,,,,,,,,,,,,,,
http://mashable.com,20,19,2577006,,0.9.2,,,,,,,1.10.3,1.10.2,,,2.6.2,,,,,,,0.1.3,1.3.3,,,,true,,true,,,,,,,,,,,,true
http://onet.pl,49,12,781034,,,,,,,,,1.8.21,1.7.2,,,,,,,,,,,,,,,,,true,,,,,,,,,,,,true
http://nicovideo.jp,60,18,868535,,,,,,,,,,1.6.1,,,,,,1.5.1.1,,,,,,,,,,,true,,,,,,,,,,,,
http://photobucket.com,62,16,1701890,,,,,,,,,,1.10.2,,,2.6.1,,,,,,,,,,,,true,,true,,,,,,,true,,,,,true
http://google.com.ng,3,2,248995,,,,,,,,,,,,,,,,,,,,,,,,,,,,,,,,,,,,,,,
http://gamer.com.tw,57,7,891132,,,,,,,,,,,,,,,,,,,,,,,,,,,true,,,,,,,,,,,,
http://wellsfargo.com,57,3,800971,,,,,,,,,,1.7.1,,,,,,,,,,,,,,,,,,,,,,,,,,,,,
http://thefreedictionary.com,14,16,1677911,,,,,,,,,,,,,,,,,,,,,,,,,,,,,,,,,,,,,,,
http://wordreference.com,2,3,183499,,,,,,,,,,,,,,,,,,,,,,,,,true,,true,,,,,,,,,,,,
http://google.se,4,2,260605,,,,,,,,,,,,,,,,,,,,,,,,,,,,,,,,,,,,,,,
http://taringa.net,31,21,2257697,,,,,,,,,1.8.16,1.7.1,,,,,,,,,,,,,,,true,,true,,,,,,,,,,,,true
http://bild.de,171,77,5877393,,,,,,,,,,1.7.2,,,2.5.3,,,,2.1.4,,,,,,,,,,,,,,,,,,,,,,
http://stackexchange.com,31,8,626413,,,,,,,,,,1.7.1,,,,,,,,,,,,,,,,,true,,,,,,,true,,,,,
http://goo.ne.jp,85,24,890353,,,,,,,,,,1.5.2,,,,,,,,,,,,,,,,,true,,,,,,,,,,,,
http://google.ro,5,2,298972,,,,,,,,,,,,,,,,,,,,,,,,,,,,,,,,,,,,,,,
http://shutterstock.com,46,7,1343492,,,,,,,,,,,,,,,,1.6.0.3,,,,,,,,,,,true,,,,,,,,,,,,
http://pandora.com,25,9,876088,,0.3.3,,,,,,,1.8.11,1.7.1,,,1.7,,,,,,,,1.2.1,,,,true,,true,,,,,,,,,,,,
http://popads.net,27,3,420460,,,,,,,,,,1.5.1,,,,,,,,,,,,,,,,,true,,,,,,,,,,,,
http://gameforge.com,50,16,2307133,,,,,,,,,,1.7,,,,,,,,,,,,,,,,,true,,,,,,,,,,,,
http://zedo.com,36,38,1965160,,,,,,,,,,1.10.2,,,,,,,,,,,,,,,,,true,,,,,,,true,,,,,
http://naver.jp,9,19,1504030,,,,,,,,,,1.7.2,,,,,,,,,,,,,,,,,,,,,,,,,,,,,
http://usps.com,37,16,1682082,,,,0.0.0dev (23917),,,,,,,,,2.6.3,,,,,,,,,,,,,,,,,,,,,,,,,,true
http://telegraph.co.uk,140,62,3905260,,,,,,,,,1.8.4,1.4.2,,,,,,,,,,,,,,true,true,,true,,,,,,,true,,,,,true
http://tripadvisor.com,108,6,3070108,,,,,,,,,,,,,,,1.3.1dev,,,,,,,,,,,,true,,,,,,,,,,,,true
http://yesky.com,0,0,210860,,,,,,,,,,,,,,,,,,,,,,,,,,,,,,,,,,,,,,,
http://leboncoin.fr,34,3,101120,,,,,,,,,,,,,,,,,,,,,,,,,,,,,,,,,,,,,,,
http://weebly.com,92,12,7174102,,,,,,,,,,1.7.2,,,2.5.2,,,1.7,almond.js,,,,,,,,,,true,,,,,,,true,,,,true,true
http://fedex.com,3,6,345292,,,,,,,,,,,,,,,,,,,,,,,,,,,,,,,,,,,,,,,
http://google.at,4,2,325762,,,,,,,,,,,,,,,,,,,,,,,,,,,,,,,,,,,,,,,
http://gmx.net,189,9,2509283,,,,,,,,,,1.9.0,,,,,,,,,,,,,,,,,,,,,,,,,,,,,
http://google.dz,4,1,264756,,,,,,,,,,,,,,,,,,,,,,,,,,,,,,,,,,,,,,,
http://google.com.ph,2,1,182669,,,,,,,,,,,,,,,,,,,,,,,,,,,,,,,,,,,,,,,
http://nbcnews.com,160,58,3059295,,,,,,,,,,1.5.2,,,,,,,,,,,,,,true,,,true,,,,,true,,true,,,,,true
http://google.cn,1,0,12198,,,,,,,,,,,,,,,,,,,,,,,,,,,,,,,,,,,,,,,
http://goodreads.com,64,8,1325895,,,,,,,,,1.9.2,1.8.3,,,1.6,,,1.7,,,,,,,,,true,,true,,,,,,,true,,,,,true
http://nfl.com,139,48,4699678,,,,,,,,,,,,,2.6.2,,,,,,,,,3.10.3,,,,,,,,,,,,,,,,,true
http://samsung.com,27,16,1327887,,,,,,,,,,1.7.2,,,,,,,2.0.1,,,,1.3.3,,,,,,,,,,,,,,,,,,true
http://cnzz.com,56,17,433484,,,,,,,,,,,,,,,,,,,,,,,,,,,,,,,,,,,,,,,
http://rambler.ru,63,20,698179,,,,,,,,,,,,,,,,,,,,,,,true,,,,true,,,,,,,,,,,,
http://ettoday.net,111,72,3502307,,,,,,,,,,1.8.3,,,,,,,,,,,,,,,true,,true,,,,,,,,,,,,true
http://rediff.com,9,7,472692,,,,,,,,,,,,,,,,,,,,,,,,,true,,,,,,,,,,,,,,
http://comcast.net,108,24,2455564,,,,,,,,,,1.7.2,,,,,,,1.0.2,,,,,,,,,,,,,,,,,true,,,,,
http://upworthy.com,25,18,3598750,,,,,,,,,,1.10.2,,2.4.1,2.6.2,,,,,,,,2.4.1,,,,,,true,,,,,true,,true,,,,,true
http://php.net,10,9,598369,,,,,,,,,,1.10.2,,,2.7.1,,,,,,,,,,,,,,,,,,,,,,,,,,
http://google.com.pe,4,2,198401,,,,,,,,,,,,,,,,,,,,,,,,,,,,,,,,,,,,,,,
http://uploaded.net,11,13,406840,,,,,,,,,,,,,,,,1.6.1,,1.8.3,,,,,,,,,true,,,,,,,,,,,,
http://wix.com,107,16,3121906,,,,,,,,,1.10.3,1.10.2,,,,,,,,,,,,,,,,,true,,,,,,,,,,,,true
http://in.com,169,34,5490756,,,,,,,,,1.8.17,1.4.2,,,,,,,,,,,,,,,true,,true,,,,,,,,,,,,true
http://rutracker.org,11,2,353755,,,,,,,,,,1.8.2,,,,,,,,,,,,,,,,,,,,,,,,,,,,,
http://ucoz.ru,80,9,1216376,,,,,,,,,1.8.21,1.3.2,,,,,,,,,,,,,,,,,true,,,,,,,,,,,,
http://ikea.com,18,4,245456,,,,,,,,,,,,,,,,1.7,,,,,,,,,,,,,,,,,,,,,,,
http://clkmon.com,1,0,7272,,,,,,,,,,,,,,,,,,,,,,,,,,,,,,,,,,,,,,,
http://google.ch,4,2,230572,,,,,,,,,,,,,,,,,,,,,,,,,,,,,,,,,,,,,,,
http://amazon.cn,119,3,1213118,,,,,,,,,,1.6.4,,,,,,,,,,,,,,,,,,,,,,,,,,,,,
http://wsj.com,96,37,3679660,,,,1.6.0 (23917),,,,,,,,,,,,,,,,,,,,true,,,,,,,,,,,,,,,true
http://avito.ru,10,16,387520,,,,,,,,,,1.10.1,,,,,,,,,,,,,,,,,true,,,,,,,,,,,,true
http://sharelive.net,19,3,609962,,,,,,,,,,,,,,,,,,,,,,,,,,,true,,,,,,,,,,,,
http://domaintools.com,2,0,4170,,,,,,,,,,,,,,,,,,,,,,,,,,,,,,,,,,,,,,,
http://kaskus.co.id,13,5,550044,,,,,,,,,,1.7.1,,,,,,,,,,,,,,,,,true,,,,,,,,,,,,
http://google.cl,4,2,195930,,,,,,,,,,,,,,,,,,,,,,,,,,,,,,,,,,,,,,,
http://zillow.com,22,13,1362309,,,,,,,,,,,,,,,,,,,,,,3.11.0,,,true,,true,,,,,,,,,,,,true
http://usatoday.com,109,27,2364590,,1.0.0,,,,,,,,2.0.3,,,2.6.1,,,,2.1.2,,,,1.4.4,,,true,,,,,,,,,,,,,,,true
http://wp.pl,125,16,1115450,,,,,,,,,,,,,,,,,,,,,,,,,,,,,,,,,,,,,,,
http://time.com,54,58,2589480,,0.9.2,,,,,,,,1.7.2,,,2.6.2,,,,2.0.6,,,,1.3.3,,,true,true,,,,,,,true,,true,,,,,true
http://moz.com,17,5,719966,,0.9.10,,,,,,,,1.9.1,,,2.7.1,2.1.0,,,,,,,1.4.4,,,,,,true,,,,,,,,,,,true,true
http://dmm.co.jp,11,6,262369,,,,,,,,,,1.8.3,,,,,,,,,,,,,,,,,true,,,,,,,,,,,,
http://m2newmedia.com,0,2,37823,,,,,,,,,,1.10.2,,,,,,,,,,,,,,,,,,,,,,,,,,,,,
http://bleacherreport.com,179,40,4929135,,1.0.0,,,,,,,1.9.2,1.10.2,,,2.6.2,2.0.0,,,,,,,1.4.4,,,true,true,,true,,,,,true,,true,,,,,true
http://loading-delivery1.com,0,0,202,,,,,,,,,,,,,,,,,,,,,,,,,,,,,,,,,,,,,,,
http://huanqiu.com,64,17,1343333,,,,,,,,,,1.9.1,,,,,,,,,,,,,,,,,,,,,,,,,,,,,
http://mywebsearch.com,2,3,173593,,,,,,,,,,1.8.2,,,,,,,,,,,,,,,,,,,,,,,,,,,,,
http://youdao.com,8,1,183947,,,,,,,,,,1.4.4,,,,,,,,,,,,,,,,,,,,,,,,,,,,,
http://businessinsider.com,263,67,10067684,,,,,,,,,1.8.9,1.7.1,,,2.6.2,,,,,,,,,,,true,true,,true,,,,,true,,,,,,,true
http://google.com.sg,4,2,261223,,,,,,,,,,,,,,,,,,,,,,,,,,,,,,,,,,,,,,,
http://hurriyet.com.tr,217,35,2827618,,,,,,,,true,,1.10.2,,,,,,,,,,,,,,,true,,,,,,,,,,,,,,true
http://free.fr,18,4,371600,,,,,,,,,,1.9.1,,,,,,,,,,,,,,,,,,,,,,,,,,,,,
http://goal.com,68,12,1891116,,,,,,,,,,1.9.1,,,2.6.2,,,,,,,,1.0.0-rc.3,,,,,,true,,,,,,,,,,,,
http://google.pt,4,2,230591,,,,,,,,,,,,,,,,,,,,,,,,,,,,,,,,,,,,,,,
http://google.co.kr,4,1,286758,,,,,,,,,,,,,,,,,,,,,,,,,,,,,,,,,,,,,,,
http://tmz.com,172,43,5366289,,,,,,,,,,2.0.3,,,,,,,,,,,,,,true,true,,,,,,,,,true,,,,,true
http://scribd.com,168,17,7545441,,0.9.2,,,,,,,,1.8.3,,,2.7.0,,,,,,,,1.4.4,,,,,,true,,,,,,,,,,,,
http://bitly.com,10,6,754865,,0.9.2,2.10.0,,,,,,,1.6.4,,,,,,,,,,,1.0.1,,,,,,true,,,,,,,,,,,,
http://9gag.com,55,22,6106898,,,,,,,,,1.10.2,1.7.2,,,2.6.2,,,,,,,,,,,,,,true,,,,,,,true,,,,,true
http://google.com.bd,4,2,292017,,,,,,,,,,,,,,,,,,,,,,,,,,,,,,,,,,,,,,,
http://constantcontact.com,9,15,1261421,,,,,,,,,,1.8.1,,,2.5.3,,,,,,,,,,,,,,true,,,,,,,,,,,,
http://web.de,212,10,2593088,,,,,,,,,,1.9.0,,,,,,,,,,,,,,,,,,,,,,,,,,,,,
http://qtrax.com,17,5,107928,,,,,,,,,,1.4.4,,,,,,,,,,,,,,,true,,true,,,,,,,,,,,,
http://hulu.com,50,17,4320034,,0.9.2,,,,,,,1.10.3,1.7.2-hulu,,,,1.6.2,,,,,,,1.3.1,,,,,,true,,,,,,,,,,,,true
http://disqus.com,15,17,1931205,,1.0.0,3.1.4,,,,,,,1.10.2,,,,,,,2.1.6,,,,1.4.4,,,,,,true,,,,,,,,,,,,
http://codecanyon.net,61,9,1085235,,,,,,,true,,,1.9.1,,,2.7.1,,,,,,,,1.5.1,,,,,,true,,,,,,,,,,,,true
http://xing.com,5,9,264801,,,,,,,,,,1.10.2,,,,,,,,,,,,,,,,,,,,,,,,,,,,,
http://olx.in,0,0,262,,,,,,,,,,,,,,,,,,,,,,,,,,,,,,,,,,,,,,,
http://ndtv.com,124,51,2749316,,,,,,,,,,1.6.2,,,,,,,,,,,,,,true,true,,true,,,,,,,,,,,,true
http://libero.it,50,15,644820,,,,,,,,,,,,,,,,,,,,,,,,,true,,,,,,,,,,,,,,true
http://mercadolivre.com.br,56,6,1025057,,,,,,,,,1.10.0,1.8.3,,,,,,,,,,,,,,,,,true,,,,,,,,,,,,
http://americanexpress.com,11,12,713443,,,,,,,,,,1.8.2,,,,,,,,,,,,,,,,,,,,,,,,,,,,,
http://varzesh3.com,49,2,616100,,,,,,,,,1.7,1.3.2,,,,,,,,,,,,,,,,,,,,,,,,,,,,,
http://washingtonpost.com,70,74,2326464,,,,,,,,,,1.7.1,,,,,,,,,,,,,,true,true,,true,,,,,,,,,,,,true
http://quikr.com,9,6,791202,,,,,,,,,,1.8.3,,,,,,,,,,,,,,,true,,true,,,,,,,,,,,,true
http://dell.com,14,13,672320,,,,,,,,,,1.2.2,2.2.1,,2.5.3,,,,,,,,,,,,,,,,,,,,,,,,,,
http://mobile01.com,84,11,1231127,,,,,,,,,1.7.2,1.4,,,,,,,,,,,,,,,,,true,,,,,,,,,,,,
http://milliyet.com.tr,150,18,1820445,,,,,,,,,,1.9.1,,,,,,,,,,,,,,,true,,true,,,,,,,,,,,,true
http://cj.com,33,31,1598954,,,,,,,,,,1.7.1,,,2.6.2,,,,,,,0.1.3,,,,,,,true,,,true,,,,,,,,,true
http://retailmenot.com,3,0,9444,,,,,,,,,,,,,,,,,,,,,,,,,,,true,,,,,,,,,,,,
http://hudong.com,56,19,1147067,,,,,,,,,,1.4.2,,,,,,,,,,,,,,,,,true,,,,,,,,,,,,true
http://orange.fr,30,10,359087,,,,,,,,,,,,,,,,,,,,,,,,,,,,,,,,,,,,,,,
http://detik.com,124,16,2388179,,,,,,,,,,1.8.1,,,,,,,,,,,,,,,true,,true,,,,,,,,,,,,true
http://nba.com,135,61,7567833,,,,,,,,,@VERSION,1.7.2,,,,,,,,,,,,,,,true,,,,,,,,,,,,,,true
http://qvo6.com,72,2,1634775,,,,,,,,,,1.9.1,,,,,,,,,,,,,,,,,,,,,,,,,,,,,
http://twitch.tv,67,13,4139294,,,,,,,,,1.8.16,1.7.1,,,,,,,,,,,1.4.4,,,,true,,true,,,,true,,,true,,,,,true
http://chaturbate.com,118,3,1710216,,,,,,,,,,1.6.4,,,,,,,,,,,,,,,,,true,,,,,,,,,,,,
http://hardsextube.com,69,27,2626282,,,,,,,,,1.8.21,1.7,,,2.6.2,,,,2.1.1,,,,,,,,,,true,,,,,,,,,,,,
http://google.cz,5,2,281742,,,,,,,,,,,,,,,,,,,,,,,,,,,,,,,,,,,,,,,
http://motherless.com,95,9,1271042,,,,,,,,,,1.7.1,,,,,,,,,,,,,,,,,true,,,,,,,,,,,,
http://tagged.com,10,14,1376947,,,,,,,,,,1.9.0,,,,,,,,,,,,,,,true,,true,,,,,,,true,,,,,
http://onclickads.net,1,1,17770,,,,,,,,,,,,,,,,,,,,,,,,,,,,,,,,,,,,,,,true
http://newegg.com,215,58,3613530,,,,,,,,,,1.10.2,,,,,,,,,,,,,,,,,true,,,,,,,,,,,,true
http://beeg.com,22,4,435559,,,,,,,,,,1.9.1,,,,,,,,,,,,,,,,,true,,,,,,,,,,,,
http://ebay.it,54,7,1567241,,,,,,,,,,1.7,,,,,,,,,,,,,,,,,,,,,,,,,,,,,true
http://nih.gov,57,15,596242,,,,,,,,,,1.7.1,,,1.6pre,,,,,,,,,,,,,true,true,,,,,,,,,,,,
http://ign.com,75,35,4195893,,,,,,,,,,1.6.2,,,,,,,,,,,,,,true,true,,true,,,,,true,,,,,,,true
http://putlocker.com,22,3,522233,,,,,,,,,,1.4.2,,,,,,,,,,,,,,,,,true,,,,,,,,,,,,
http://groupon.com,10,4,613147,,0.9.2,,,,,,,,1.8.0,,,2.6.1,,,,,,,,1.4.4,,,,,,,,,,,,,,,,,,true
http://kohls.com,101,41,7085962,,,,,,,,,1.8.21,1.7.2,,,,,,,,,,,,,,,,,true,,,,,,,,,,,,true
http://macys.com,48,32,2497692,,,,,,,,,1.10.2,1.9.1,,,,,,,2.1.5,,,,,,,,,,,,,,,,,,,,,,true
http://infusionsoft.com,47,68,5079051,,,,,,,,,1.10.2,1.7.1,,,,,,,,,,,,,,,,true,true,,true,true,,true,,true,,,,true,true
http://youjizz.com,15,18,347636,,,,,,,,,,1.7.1,2.2.1,,,,,,,,,,,,,,,,true,,,,,,,,,,,,
http://reuters.com,56,66,1881798,,,,,,,,,,1.6.1,,,,,,,,,,,,,,,true,,true,,,,,,,,,,,,true
http://histats.com,30,5,1097610,,,,,,,,,1.8.21,1.7.2,,,,,,,,,,,1.3.3,,,,,,true,,,,,,,,,,,,
http://extratorrent.cc,89,12,1667729,,,,,,,,,,,,,,,,,,,,,,,,,true,,true,,,,,,,,,,,,
http://amazon.it,72,3,997319,,,,,,,,,,1.6.4,,,,,,,,,,,,,,,,,,,,,,,,,,,,,
http://kooora.com,53,11,1210978,,,,,,,,,,1.7.1,,,2.5.3,,,,,,,,,,,,,,,,,,,,,,,,,,true
http://snapdeal.com,43,20,3331698,,,,,,,,,1.8.17,1.4.2,,,,,,,,,,,,,,true,true,,,,,,,,,,,,,,true
http://repubblica.it,80,18,2007009,,,,,,,,,,1.8.2,,,2.6.2,,,,,,,,,,,,,,true,,,,,,,,,,,,
http://clickbank.com,16,11,1076164,,,,,,,,,,1.8.3,,,2.6.2,,,,,,,,,,,,,,,,,,,,,,,,,,
http://thefreecamsecret.com,9,3,314920,,,,,,,,,,1.5.2,,,,,,,,,,,,,,,,,true,,,,,,,,,,,,
http://cntv.cn,5,2,42099,,,,,,,,,,,,,,,,,,,,,,,,,,,,,,,,,,,,,,,
http://v1.cn,186,17,1554449,,,,,,,,,1.10.3,1.7.2,,,,,,,,,,,,,,,,,,,,,,,,,,,,,
http://baomihua.com,65,9,1248446,,,,,,,,,,1.4.4,,,,,,,,,,,,,,,,,,,,,,,,,,,,,
http://snapdo.com,14,4,284220,,,,,,,,,,1.5.1,,,,,,,,,,,,,,,,,true,,,,,,,,,,,,
http://gsmarena.com,56,21,898239,,,,,,,,,,1.6.1,,,,,,,,,,,,,,,,,,,,,,,,,,,,,true
http://feedly.com,12,5,410707,,,,,,,,,,,,,,,,,,,,,,,,,,,true,,,,,,,,,,,,
http://xe.com,17,10,898163,,,,,,,,,,1.8.3,,,,,,,,,,,,,,,true,,true,,,,,,,,,,,,
http://kakaku.com,100,21,1433562,,,,,,,,,,1.4.2,,,,,,,,,,,,,,,,,,,,,,,,,,,,,true
http://bloomberg.com,85,32,3125250,,,,,,,,true,,1.10.2,,,2.6.2,,,,,,,,,,,true,true,,true,,,,,,,,,,,,true
http://ebay.com.au,82,8,1715795,,,,,,,,,,1.7,,,,,,,,,,,,,,,,,,,,,,,,,,,,,true
http://pof.com,21,2,187559,,,,,,,,,,,,,,,,,,,,,,,,,,,true,,,,,,,,,,,,true
http://blogspot.it,4,2,240169,,,,,,,,,,,,,,,,,,,,,,,,,,,,,,,,,,,,,,,
http://siteadvisor.com,19,12,394786,,,,,,,,,,,,,,,,,,,,,,,,,,,,,,,,,,,,,,,
http://ero-advertising.com,28,9,367498,,,,,,,,,1.8.4,1.6.4,,,,,,,,,,,,,,,,,true,,,,,,,,,,,,
http://webmd.com,91,28,1799652,,,,,,,,,,1.8.2,,,2.6.2,,,,2.0.6,,,,,,,,,,,,,,,,,,,,,,true
http://xyxy.net,28,2,249617,,,,,,,,,,,,,,,,,,,,,,,,,,,,,,,,,,,,,,,
http://google.co.hu,5,2,251218,,,,,,,,,,,,,,,,,,,,,,,,,,,,,,,,,,,,,,,
http://hdfcbank.com,61,16,463964,,,,,,,,,,1.6.2,,,,,,,,,,,,,,,,,true,,,,,,,,,,,,true
http://empowernetwork.com,31,5,3528884,,,,,,,,,,1.10.2,,,,,,,,,,,,,,,,,true,,,,,,,,,,true,,
http://doubleclick.com,17,9,569017,,,,,,,,,,,,,,,,,,,,,,,,,,,true,,,,,,,,,,,,true
http://doublepimp.com,6,8,645995,,,,,,,,,1.8.18,1.7.2,,,,,,,,,,,,,,,,,,,,,,,,,,,,,
http://google.no,5,2,238474,,,,,,,,,,,,,,,,,,,,,,,,,,,,,,,,,,,,,,,
http://jabong.com,84,17,2812879,,,,,,,,,1.8.16,1.7.2,,,2.0.6,,,,,,,,,,,,,,true,,,,,,,,,,,,true
http://tinyurl.com,26,36,855862,,,,,,,,,,1.9.1,,,,,,,,,,,,,,,,,true,,,,,,,true,,,,,true
http://google.ae,5,2,326688,,,,,,,,,,,,,,,,,,,,,,,,,,,,,,,,,,,,,,,
http://ebay.in,52,7,1430667,,,,,,,,,,1.7,,,,,,,,,,,,,,,,,,,,,,,,,,,,,true
http://twoo.com,15,18,1633909,,,,,,,,,,1.9.0,,,,,,,,,,,,,,,true,,true,,,,,,,,,,,,
http://ig.com.br,144,46,3564718,,,,,,,,,1.8,1.7.2,,,,,,,,,,,,,,,true,,true,,,,,,,,,,,,true
http://zippyshare.com,20,19,253809,,,,,,,,,1.7.2,1.6.4,,,,,,,,,,,,,,,,,true,,,,,,,,,,,,
http://yandex.ua,46,5,716794,,,,,,,,,,1.8.3,,,2.6.2,,,,,,,,,,,,,,,,,,,,,,,,,,
http://nydailynews.com,448,46,5892019,,1.0.0,,,,,,,1.10.3,1.10.2,,,,,,,,,,,1.4.4,,,,true,,true,,,,,,,true,,,,,true
http://google.az,3,2,213495,,,,,,,,,,,,,,,,,,,,,,,,,,,,,,,,,,,,,,,
http://blogspot.de,3,1,190113,,,,,,,,,,,,,,,,,,,,,,,,,,,,,,,,,,,,,,,
http://istockphoto.com,47,31,1873189,,,,,,,,,,1.9.1,,,2.6.2,,,1.7,,1.9.0,,,,,,,,,,,,,,,,,,,,,true
http://w3.org,11,2,162513,,,,,,,,,,1.4.4,,,,,,,,,,,,,,,,,,,,,,,,,,,,,
http://seznam.cz,46,7,439136,,,,,,,,,,,,,,,,,,,,,,,,,,,,,,,,,,,,,,,
http://elpais.com,137,40,1023529,,,,,,,,,,,,,,,,,,,,,,,,,,,true,,,,,,,true,,,,,true
http://google.ie,3,1,136507,,,,,,,,,,,,,,,,,,,,,,,,,,,,,,,,,,,,,,,
http://force.com,48,9,1436876,,,,,,,,,,1.10.2,,,2.5.3,,,,,,,,,,,,,,,,,,,,,,,,,,true
http://etao.com,45,19,996372,,,,,,,,,,,,,,,,,,,,,,,,,,,,,,,,,,,,,,,
http://bitauto.com,13,9,190163,,,,,,,,,,1.7.1,,,,,,,,,,,,,,,,,,,,,,,,,,,,,
http://intoday.in,40,4,345452,,,,,,,,,,,,,,,,,,,,,,,,,true,,,,,,,,,,,,,,
http://odesk.com,20,13,1269761,,,,,,,,,1.8.23,1.7.2,,,,,,,,,,,,,,,,,true,,,,true,true,,,,,,true,true
http://marca.com,372,52,5140616,,,,,,,,,,,,,,,,,,,,,,,,,,,,,,,,,,,,,,,true
http://list-manage.com,7,15,1070942,,,,,,,true,true,,1.9.1,,,2.7.0,,,,,,,,,,,,,,true,,true,,,,,,,,,,true
http://daum.net,72,8,925383,,,,,,,,,,1.10.2,,,,,,,,,,,,,,,,,,,,,,,,,,,,,
http://homedepot.com,56,42,2125501,,,,,,,,,,1.9.1,,,1.6ish: miniModernizr for Isotope,,,,,,,,,,,,,,true,,,,,,,,,,,,true
http://4dsply.com,6,5,135121,,,,,,,,,,1.8.1,,,,,,,,,,,,,,,,,,,,,,,,,,,,,
http://rt.com,69,18,2183773,,,,,,,,,1.8.17,1.7.1,,,,,,,,,,,,,,,,,true,,,,,,,,,,,,true
http://ck101.com,86,35,2436975,,,,,,,,,,1.7,,,,,,,,,,,,,,,,,true,,,,,,,,,,,,true
http://eazel.com,12,8,962990,,,,,,,,,1.8.23,1.8.3,,,,,,,,,,,,,,,,,true,,,,,,,,,,,,true
http://caijing.com.cn,6,0,110447,,,,,,,,,,1.2.6,,,,,,,,,,,,,,,,,true,,,,,,,,,,,,
http://123rf.com,69,15,2929216,,,,,,,,,,1.5.1,,,,,,1.6.1,,1.8.3,,,,,,true,,,true,,,,,,,,,,,,
http://accuweather.com,47,19,1503528,,,,,,,,,,1.4,,,,,,,,,,,,,,,true,,true,,,,,,,true,,,,,true
http://joomla.org,17,4,382014,,,,,,,,,,,,,,,1.4.5,,,,,,,,,,,,true,,,,,,,,,,,,
http://naukri.com,59,15,735283,,,,,,,,,,,,,,,,,,,,,,,,,true,,true,,,,,,,,,,,,
http://optmd.com,3,3,24458,,,,,,,,,,,,,,,,,,,,,,,,,,,,,,,,,,,,,,,
http://meetup.com,76,9,1841130,,,,,,,,,1.8.18,1.7.1,,,,,,,,,,,1.4.4,,,,,,true,,,,,,,,,,,,
http://drudgereport.com,35,22,581329,,,,,,,,,1.8,1.4.2,,,,,,,,,,,,,,,true,,,,,,,,,true,,,,,true
http://ameba.jp,19,14,187314,,,,,,,,,,1.5.1,,,,,,,,,,,,,,,,,true,,,,,,,,,,,,
http://coccoc.com,13,2,200583,,,,,,,,,,1.8.3,,,,,,,,,,,,,,,,,true,,,,,,,,,,,,
http://webcrawler.com,9,2,65441,,,,,,,,,,1.7.1,,,,,,,,,,,,,,,,,true,,,,,,,,,,,,
http://goo.gl,4,5,277146,,,,,,,,,,,,,,,,,,,,,,,,,,,,,,,,,,,,,,,
http://ad6media.fr,26,3,333786,,,,,,,,,,1.4.2,,,,,,,,,,,,,,,,,true,,,,,,,,,,,,true
http://t-online.de,103,26,1150460,,,,,,,,,,1.8.3,,,,,,,,,,,,,,,,,true,,,,,,,,,,,,true
http://goodgamestudios.com,48,7,980039,,,,,,,,,,1.4.4,,,,,,,,,,,,,,,,,true,,,,,,,,,,,,
http://att.com,75,31,2730601,,,,,,,,,1.8.11,1.5.2,,,2.6.2,,,,,,,,,,,,,,true,,,,,,,,,,,,true
http://aili.com,12,11,109622,,,,,,,,,,1.4.2,,,,,,,,,,,,,,,,,true,,,,,,,,,,,,
http://capitalone.com,31,20,1052003,,,,,,,,,,1.8.2,,,,,,,,,,,,,,,,,,,,,,,,,,,,,true
http://getresponse.com,26,14,763647,,,,,,,,,,,,,,,,,,,,,,,,,,,true,,,,,,,,,,,true,true
http://elmundo.es,124,46,2573295,,,,,,,,,,,,,,,,,,,,,,,,,,,true,,,,,,,true,,,,,true
http://zendesk.com,27,25,2126779,,,,,,,,,1.10.3,1.7.1,,,2.0.6,,,,,,,,,,,,,,true,,,,true,true,true,true,,,,true,true
http://enet.com.cn,2,0,151985,,,,,,,,,,1.6,,,,,,,,,,,,,,,,,true,,,,,,,,,,,,
http://surveymonkey.com,17,17,1573501,,,,,,,,,,,,,,,,,,,,,,,,,,,true,,,,,,,,,,,,
http://google.co.il,5,2,251343,,,,,,,,,,,,,,,,,,,,,,,,,,,,,,,,,,,,,,,
http://google.dk,4,1,201344,,,,,,,,,,,,,,,,,,,,,,,,,,,,,,,,,,,,,,,
http://habrahabr.ru,36,26,896263,,,,,,,,,,1.8.3,,,,,,,,,,,,,,,,,true,,,,,,,,,,,,
http://douban.com,38,16,1204022,,,,,,,,,,1.4.4,,,,,,,,,,,,,,,,,,,,,,,,,,,,,
http://gazeta.pl,123,18,1488632,,,,,,,,,,1.4.4,,,,,,,,,,,,,,,,,true,,,,,,,,,,,,true
http://lenovo.com,80,46,2176253,,,,,,,,,1.8.23,1.8.2,,,2.6.2,,,,,,,,,,,,,,,,,,,,,,,,,,true
http://jimdo.com,17,21,959803,,,,,,,,,,,,,2.6.2,,,,,,,,,,,,,,true,,,,,,,,,,,,true
http://java.com,15,7,107844,,,,,,,,,,,,,,,,,,,,,,,,,,,,,,,,,,,,,,,
http://sears.com,100,59,2486565,,,,,,,,,,1.8.1,,,,,,,,,,,,,,,,,,,,,,,,,,,,,true
http://webmoney.ru,80,9,233973,,,,,,,,,,1.4.4,,,,,,,,,,,,,,,,,true,,,,,,,,,,,,
http://quora.com,13,9,1686067,,,,,,,,,,1.7,,,,,,,,,,,,,,,,,true,,,,,,,,,,,,
http://myntra.com,67,16,2730205,,,,,,,,,@VERSION,1.9.1,,1.3.1,,,,,2.1.5,,,,1.3.1,,,,,,true,,,,,,,,,,,true,true
http://google.com.my,3,2,272655,,,,,,,,,,,,,,,,,,,,,,,,,,,,,,,,,,,,,,,
http://webs.com,11,11,593473,,,,,,,,,,1.4.2,,,,,,,,,,,,,,,,,true,,,,,,,,,,,,true
http://commentcamarche.net,18,12,751303,,,,,,,,,,1.7.2,,,,,,,,,,,,,,,,,true,,,,,,,,,,,,true
http://chip.de,111,74,3299723,,,,,,,,,,1.9.1,,,,,,,2.1.9,,,,1.5.2,,,,,,true,,,,,,,,,,,,true
http://swagbucks.com,34,16,984939,,,,,,,,,,1.6.4,,,,,,,,,,,,,,,,,true,,,,,,,true,,,,,true
http://slickdeals.net,185,43,4466208,,,,,,,,,1.8.16,1.7.1,,,,,,,,,,,,,,,,,true,,,,,,,true,,,,,true
http://issuu.com,22,6,1474888,,,,,,,,,1.10.0,1.10.2,,1.3.1,2.6.2,,,,,,,,1.3.1,,,,,,true,,,,true,,,true,,,,,
http://okcupid.com,11,5,1244525,,,,,,,,,1.10.3,1.10.2,,,2.6.2,,,1.7,,1.8.1,,,1.4.3,,,,,,true,,,,,,,,,,,,
http://icicibank.com,57,9,708711,,,,,,,,,,1.6.2,,,,,,,,,,,,,,,,,true,,,,,,,,,,,,
http://corriere.it,285,66,4244212,,,,,,,,,,1.6.4,,,,,,,,,,,,,,,,,,,,,,,,,,,,,
http://mercadolibre.com.ar,57,6,1058861,,,,,,,,,1.10.0,1.8.3,,,,,,,,,,,,,,,,,true,,,,,,,,,,,,
http://hypergames.net,9,3,110644,,,,,,,,,,,,,,,,,,,,,,,,,,,,,,,,,,,,,,,
http://google.fi,5,2,254396,,,,,,,,,,,,,,,,,,,,,,,,,,,,,,,,,,,,,,,
http://typepad.com,8,23,554152,,,,,,,,,,1.7.1,,,2.5.3,,,,,,,,,,,,,,true,,,,,,,,,,,,
http://techcrunch.com,21,19,1229991,,,,,,,,,,1.10.2,,,2.6.2,,,,,,,,,,,,true,,true,,,,,true,,true,,,,,
http://fbcdn.net,7,11,701391,,,,,,,,,,,,,,,,,,,,,,,,,,,,,,,,,,,,,,,
http://match.com,72,17,545140,,,,,,,,,,1.2.6,,,,,,,,,,,,,,,,,true,,,,,,,,,,,,true
http://toysrus.com,113,59,4156805,,,,,,,,,,1.5.2,,,,,,1.6.0,,,,,,,,,,,true,,,,,,,,,,,,true
http://blackhatworld.com,29,16,904677,,,,,,,,,,,,,,,,,,,,,,,,,true,,true,,,,,,true,,,,,,true
http://digg.com,29,10,1066619,,,,,,,,,,1.8.3,,2.3.0,2.7.0,,,,almond.js,,,,2.3.0,,,true,,,true,,,,,,,,,,,,
http://eyny.com,131,15,1111874,,,,,,,,,,,,,,,,,,,,,,,,,,,true,,,,,,,,,,,,true
http://shareasale.com,29,10,2084699,,,,,,3.1.0,,,,,,,,,,,,,,,,,,,,,,,,,,,,,,,,,
http://abcnews.go.com,55,31,2120285,,,,,,,,,,1.9.1,,,2.6.2,,,,,,,,,,,true,,,true,,,,,true,,true,,,,,
http://gutefrage.net,46,20,854763,,,,,,,,,,1.7.2,,,2.6.2,,,,,,,,,,,,,,true,,,,,,,,,,,,true
http://exoclick.com,35,7,492751,,,,,,,,,1.10.3,1.6.4,,,2.0.6,,,,,,,,,,,,,,true,,,,,,,,,,,,
http://backpage.com,2,3,207548,,,,,,,,,,,,,,,,,,,,,,,,,,,true,,,,,,,,,,,,
http://cbssports.com,52,19,1449916,,,,,,,,,1.9.2,1.8.2,,,,,,,,,,,1.4.3,,,,,,,,,,,,,,,,,,true
http://abril.com.br,85,9,1041750,,,,,,,,,,1.6.4,,,,,,,,,,,,,,,,,,,,,,,,,,,,,true
http://zing.vn,131,12,2031122,,,,,,,,,,1.10.2,,,2.7.1,,,,,,,0.9.9,1.5.2,,,,,,true,,,,,,,,,,,,true
http://myfreecams.com,266,8,1191856,,,,,,,,,,,,,,,,,,,,,,,,,,,,,,,,,,,,,,,
http://livescore.com,12,5,400800,,,,,,,,,,1.8.0,,,,,,,,,,,,,,,,,,,,,,,,,,,,,true
http://latimes.com,115,67,5174509,,,,,,,,,,1.3.2,,,,,,1.6.0.3,,1.8.1,,,,,,true,,,true,,,,,true,,,,,,,true
http://linkbucks.com,23,2,199277,,,,,,,,,,1.7.2,,,,,,,,,,,,,,,,,true,,,,,,,true,,,,,
http://yaolan.com,101,28,842831,,,,,,,,,,1.9.1,,,,,,,,,,,,,,,,,true,,,,,,,,,,,,
http://steampowered.com,41,12,1711142,,,,,,,,,,1.8.3,,,,,,1.7,,1.8.1,,,,,,,,,true,,,,,,,,,,,,
http://xda-developers.com,94,56,2052100,,,,,,,,,,1.10.2,,,,,,,,,,,,,,,true,,true,,,,,,,,,,,,true
http://sahibinden.com,79,8,670688,,,,,,,,,1.10.3,1.10.2,,,,,,,,,,,,,,,true,,true,,,,,,,,,,,,true
http://jrj.com.cn,69,23,824366,,,,,,,,,,1.4.4,,,,,,,,,,,,,,,,,,,,,,,,,,,,,
http://rayli.com.cn,336,22,3857252,,,,,,,,,,1.4.2,,,,,,,,,,,,,,,,,true,,,,,,,,,,,,true
http://amazon.es,86,2,1004343,,,,,,,,,,1.6.4,,,,,,,,,,,,,,,,,,,,,,,,,,,,,
http://ebay.fr,52,7,1445001,,,,,,,,,,1.7,,,,,,,,,,,,,,,,,,,,,,,,,,,,,true
http://elance.com,16,9,672343,,,,,,,,,,,,,,,1.4.5,,,,,,,,,,,,true,,,,,,,,,,,,true
http://systweak.com,16,1,103080,,,,,,,,,,,,,,,,,,,,,,,,,,,true,,,,,,,,,,,,
http://rapidgator.net,21,14,504094,,,,,,,,,1.8.17,1.7.1,,,,,,,,,,,,,,,,,true,,,,,,,,,,,,
http://ning.com,27,11,459727,,,,,,,,,,1.9.0,,,,,,,,,,,,,,,,true,true,,,,,true,,,,,,,true
http://viralnova.com,41,16,1874980,,,,,,,,,,1.8.2,,,2.0.6,,,,,,,,,,,,,,true,,,,,,,,,,,,true
http://gap.com,67,14,2911643,,,,,,,,,,1.8.3,,,1.7,,,1.7,,1.9.0,,,,,,,,,,,,,,,,,,,,,true
http://clixsense.com,39,8,393615,,,,,,,,,1.10.3,1.10.2,,,,,,,,,,,,,,,,,true,,,,,,,true,,,,,
http://pch.com,83,59,6177285,,,,,,,,,,1.7.2,,,2.5.3,,1.4.5,,,,,,,,,,true,,true,,,,,,,true,,,,,true
http://iqiyi.com,1,3,110227,,,,,,,,,,,,,,,,,,,,,,,,,true,,,,,,,,,,,,,,
http://fotolia.com,72,18,1955763,,,,,,,,,,1.7.1,,,,,,,,,,,,,,,,,true,,,,,,,,,,,,true
http://mercadolibre.com.mx,54,4,818592,,,,,,,,,1.10.0,1.8.3,,,,,,,,,,,,,,,,,true,,,,,,,,,,,,
http://sberbank.ru,70,18,735869,,,,,,,,,1.7.2,1.3.2,,,,,,,,,,,,,,,,,true,,,,,,,,,,,,
http://liveleak.com,75,15,946962,,,,,,,,,1.8.6,1.7.1,,,,,,,,,,,,,,,,,,,,,,,,true,,,,,
http://irctc.co.in,30,4,205744,,,,,,,,,,,,,,,1.11,,,,,,,,,,,,true,,,,,,,,,,,,
http://lenta.ru,40,13,614612,,,,,,,,,,1.9.1,,,2.7.0,,,,,,,0.9.9,,,,,,,true,,,,,,,,,,,,
http://probux.com,15,1,599343,,,,,,,,,,,,,,,,,,,,,,,,,,,true,,,,,,,,,,,,
http://foursquare.com,91,8,1662739,,,,,,,,,1.8.12,1.7.2,,,,,,,,,,,1.2.2,,,true,,,true,,,,,,,,,,,,true
http://subscene.com,16,7,531795,,,,,,,,,,,,,,,,,,,,,,,,,,,true,,,,,,,,,,,,true
http://youm7.com,150,29,2444558,,,,,,,,,,1.5.2,,,,,,,,,,,,,,,,,true,,,,,,,,,,,,true
http://lefigaro.fr,110,52,2072821,,,,,,,true,,1.10.3,1.9.1,,,2.6.2,,,,,,,,,,,,,,true,,,,,,,,,,,,
http://pixiv.net,38,17,2410548,,,,,,,,,,1.8.3,,,2.7.1,,,,,,,,,,,,,,true,,,,,,,,,,,,
http://asos.com,68,28,1679775,,,,,,,,,1.8.20,1.7.2,2.2.1,,2.6.2,,,,,,,,,,,,,true,true,,,,,,,,,,,,true
http://hatena.ne.jp,195,30,2140259,,,,,,,,,,,,,,,,,,,,,,,,,,,true,,,,,,,,,,,,true
http://terra.com.br,185,69,4955516,,,,,,,,,,1.4.2,,,,,,,,,,,,,,,true,,,,,,,,,,,,,,true
http://lemonde.fr,26,35,1633782,,,,,,,,,,,,,,,,,2.1.2,,,,,,,true,,,true,,,,,,,,,,,,
http://freelancer.com,24,31,1865663,,0.5.3,,,,,,,,1.7.1,,,2.6.2,,,,1.0.8,,,,1.3.0,,,true,,,true,,true,,,,,,,,,,true
http://lady8844.com,102,23,1765746,,,,,,,,,,1.7.1,,,,,,,,,,,,,,,,,,,,,,,,,,,,,
http://kickstarter.com,80,12,2330948,,,,,,,,,1.10.3,1.10.2,,,,2.5.0,,,,,,,1.5.1,,,true,,,true,,,,true,,,true,,,,,
http://opensiteexplorer.org,27,15,605043,,,,,,,,,1.8.5,1.5.2,,,,,,,,,,,,,,,,,true,,,,,true,,,,,,true,true
http://2ch.net,8,0,41019,,,,,,,,,,,,,,,,,,,,,,,,,,,,,,,,,,,,,,,
http://iminent.com,79,20,1998873,,,,,,,,,,1.4.2,,,,,,,,,,,,,,,,,true,,,,,,,true,,,,,
http://searchengines.ru,63,39,3125210,,,,,,,,,,1.5.1,,,,,,,,,,,,,,,,,true,,,,,,,,,,,,true
http://zeobit.com,2,0,65373,,,,,,,,,,,,,,,,,,,,,,,,,,,,,,,,,,,,,,,
http://oracle.com,36,3,692731,,,,,,,,,1.9.2,1.7.1,,,,,,,,,,,,,,,,,,,,,,,,,,,,,
http://blogspot.ru,4,2,186054,,,,,,,,,,,,,,,,,,,,,,,,,,,,,,,,,,,,,,,
http://nordstrom.com,35,24,1210897,,,,,,,,,,2.0.3,,,2.6.2,,,,2.1.8,,,,,,,,,,,,,,,,,,,,,,true
http://vitaminl.tv,29,22,3885339,,,,,,,,,,1.6.2,,,,,,,,,,,,,,,,,true,,,,,,,,,,,,
http://altervista.org,50,17,2419269,,,,,,,,,,1.8.3,,,,,,,,,,,,,,,true,true,true,,,,,,,,,,,,true
http://battle.net,21,4,479710,,,,,,,,,,1.8.3,,,,,,,,,,,,,,,,,true,,,,,,,,,,,,
http://xgo.com.cn,2,2,249764,,,,,,,,,,1.4.4,,,,,,,,,,,,,,,,,,,,,,,,,,,,,
http://zappos.com,88,8,1424424,,,,,,,,,,1.7.2,,,,,,,,,,,,,,,,,true,,,,,,,,,,,,true
http://bhaskar.com,80,22,2260935,,,,,,,,,1.10.3,1.10.1,,,,,,,,,,,,,,true,true,,true,,,,,,,,,,,,true
http://lifehacker.com,98,25,4094398,,1.0.0,,,,,,,,1.9.1,,,2.6.2,2.2.1,,,2.0.6,,,,1.5.2,,,true,true,,true,,,,,,,true,,,,,true
http://drtuber.com,69,10,1774391,,,,,,,,,,1.5.1,,,,,,,,,,,,,,,,,true,,,,,,,,,,,,
http://narod.ru,7,10,258836,,,,,,,,,,1.4.2,,,,,,,,,,,,,,,,,,,,,,,,,,,,,
http://examiner.com,63,33,2516244,,,,,,,,true,1.8.7,1.4.4,,,,,,,,,,,,,,true,true,,true,,,,,,,true,,,,,true
http://verizonwireless.com,67,51,2211763,,,,,,,,,1.8.23,1.9.1,,,,,1.3.1,,,,,,,,,,,,,,,,,,,,,,,,true
http://hubpages.com,20,7,1659024,,,,,,,,,1.8.22,1.5.1,,,,,,1.7,,,,,,,,,true,,true,,,,,true,,true,,,,,
http://onlinesbi.com,21,3,128972,,,,,,,,,,1.8.2,,,,,,,,,,,,,,,,,,,,,,,,,,,,,
http://overstock.com,73,35,1958363,,,,,,,,,,1.10.2,,,,,,,,,,,1.4.2,,,,,,,,,,,,,,,,,,true
http://babytree.com,129,11,1177371,,,,,,,,,,1.6.4,,,,,,,,,,,,,,,,,true,,,,,,,,,,,,
http://rbc.ru,101,45,364874,,,,,,,,,,1.5.1,,,,,,,,,,,,,,,,,true,,,,,,,,,,,,
http://hubspot.com,49,23,2073846,,,,,,,,,,1.7.1,,,2.7.1,,,,,,,,,,,,,true,true,true,,,true,,,,,,,,
http://google.sk,5,2,185946,,,,,,,,,,,,,,,,,,,,,,,,,,,,,,,,,,,,,,,
http://citrixonline.com,16,18,794177,,,,,,,,,,1.5.1,,,,,,1.7,,,,,,,,,,,true,,,,,,,,,,,,
http://semrush.com,24,13,763549,,,,,,,,,,1.7.2,,,,,,,2.1.2,,,,,,,,,,true,,,,,true,,,,,,true,true
http://kijiji.ca,42,15,822228,,,,,,,,,1.8.14,1.5.2,,,,,,,,,,,,,,,,,true,,,,,,,,,,,,true
http://oneindia.in,91,55,2791645,,,,,,,,,,1.10.2,,,,,,,,,,,,,,,true,true,true,,,,,,,true,,,,,true
http://appspot.com,5,0,82577,,,,,,,,,,,,,,,,,,,,,,,,,,,,,,,,,,,,,,,
http://mysearchresults.com,6,8,249996,,,,,,,,,,1.7.2,,,,,,,,,,,,,,,,,true,,,,,,,,,,,,
http://amazon.ca,88,2,1087841,,,,,,,,,,1.6.4,,,,,,,,,,,,,,,,,,,,,,,,,,,,,
http://who.is,17,17,1597844,,,,,,,,,,1.7.1,,,,,,,,,,,,,,,,,true,,,,,,,,,,,,
http://bbc.com,44,49,1128198,,,,,,,,,,,,,,,,,2.1.6,,,,,,,,true,,,,,,,,,,,,,,true
http://gotomeeting.com,38,41,1301285,,,,,,,,,1.8.16,1.7,,,,,,,,,,,,,,,,,true,,,,,true,,,,,,,true
http://blogspot.jp,4,2,231361,,,,,,,,,,,,,,,,,,,,,,,,,,,,,,,,,,,,,,,
http://39.net,148,26,1274118,,,,,,,,,,1.5.1,,,,,,,,,,,,,,,,,true,,,,,,,,,,,,
http://ya.ru,7,3,173658,,,,,,,,,,1.6.3,,,,,,,,,,,,,,,,,,,,,,,,,,,,,
http://allrecipes.com,60,24,1102657,,,,,,,,,,1.8.2,,,,,,,,,,,,,,,true,,true,,,,,,,,,,,,true
http://shaadi.com,50,20,1604741,,,,,,,,,,1.4.2,,,,,,,,,,,,,,,,,true,,,,,,,,,,,,true
http://taboola.com,36,7,1242663,,,,,,,,,1.8.7,1.4.4,,,,,,,,,,,,,,,,,true,,,,,,,,,,,,true
http://seesaa.net,88,42,1138806,,,,,,,,,1.8.17,1.7.1,,,,,,,,,,,,,,,,,true,,,,,,,,,,,,true
http://tabelog.com,0,0,321,,,,,,,,,,,,,,,,,,,,,,,,,,,,,,,,,,,,,,,
http://taleo.net,36,7,1587733,,,,,,,,,1.9.2,1.7.1,,,,,,,,,,,,,,,,,,,,,,,,,,,,,
http://kinopoisk.ru,3,0,6454,,,,,,,,,,,,,,,,,,,,,,,,,,,true,,,,,,,,,,,,
http://ccb.com,0,3,21765,,,,,,,,,,,,,,,,,,,,,,,,,,,,,,,,,,,,,,,
http://wiktionary.org,17,1,129971,,,,,,,,,,,,,,,,,,,,,,,,,,,,,,,,,,,,,,,
http://tudou.com,63,3,576443,,,,,,,,,,1.6.4,,,,,,,,,,,,,,,true,,,,,,,,,,,,,,
http://coupons.com,42,14,1654229,,,,,,,,,1.10.2,1.9.1,,,,,,,,,,,,,,,true,,true,,,,,,,,,,,,true
http://citibank.com,38,21,1667190,,,,,,,,,1.8.18,1.7.2,,,,,,,,,,,,,,,,,,,,,,,,,,,,,true
http://engadget.com,22,17,2544059,,,,,,,,,1.9.1,1.8.2,,,2.6.2,,,,,,,,,,,,,,true,,,,,true,,,,,,,
http://sape.ru,27,4,123513,,,,,,,,,,1.3.2,,,,,,,,,,,,,,,,,true,,,,,,,,,,,,
http://foodnetwork.com,106,21,2107361,,,,,,,,,1.8rc3,1.4.2,,,,,,,,,,,,,,,,,,,,,,,,,,,,,true
http://expedia.com,22,23,2123188,,,,,,,,,,1.8.2,,,2.6.2,,,,,,,,,,,,,,true,,,,,,,,,,,,true
http://behance.net,22,8,820058,,,,,,,,,1.10.3,1.10.2,,,,2.0.0,,,2.1.8+,,,,,,,,,,true,,,,,,,,,,,,
http://bodybuilding.com,36,10,2637748,,,,,,,,,,1.8.3,,,,,,,2.1.6,,,,1.3.3,,,,,,,,,,,,,,,,,,true
http://moneycontrol.com,61,51,2512715,,,,,,,,,1.10.3,1.7.2,,,,,,,,,,,,,,,true,,true,,,,,,,,,,,,true
http://tomshardware.com,53,27,2081077,,,,,,,,,1.8.4,1.4.2,,,,,,,,,,,,,,,true,,true,,,,,,,true,,,,true,true
http://timeanddate.com,21,4,348447,,,,,,,,,,,,,,,,,,,,,,,,,,,true,,,,,,,,,,,,true
http://mihanblog.com,32,2,390240,,,,,,,,,,,,,,,,,,,,,,,,,,,true,,,,,,,,,,,,
http://likes.com,78,4,12189140,,,,,,,,,,1.7.2,,,,,,,,,,,,,,,true,,true,,,,,,,,,,,,true
http://farsnews.com,53,3,657225,,,,,,,,,,1.8.3,,,,,,,,,,,,,,,,,true,,,,,,,,,,,,
http://virgilio.it,34,22,794506,,,,,,,,,,1.8.3,,,,,,,,,,,,,,,true,,true,,,,,,,,,,,,true
http://gc.ca,4,12,510213,,,,,,,,,,2.0.3,,,2.7.1,,,,,,,,,,,,,,true,,,,,,,,,,,,
http://haber7.com,95,43,2542356,,,,,,,,,,1.9.1,,,,2.2.1,,,,,,,,,,,,,true,,,,,,,,,,,,true
http://mp3skull.com,0,0,18073,,,,,,,,,,,,,,,,,,,,,,,,,,,,,,,,,,,,,,,
http://free-tv-video-online.me,16,12,410096,,,,,,,,,,,,,,,,,,,,,,,,,,,true,,,,,,,,,,,,
http://ci123.com,11,7,193866,,,,,,,,,,,,,,,,,,,,,,,,,,,,,,,,,,,,,,,true
http://gizmodo.com,79,30,5266785,,1.0.0,,,,,,,,1.9.1,,,2.6.2,2.2.1,,,2.0.6,,,,1.5.2,,,true,true,,true,,,,,,,true,,,,,true
http://cy-pr.com,67,14,829866,,,,,,,,,,1.6.1,,,,,,,,,,,,,,,,,,,,,,,,,,,,,
http://eonline.com,123,90,5293630,1.2.0-rc.3,,,,,,,true,1.8.11,1.8.3,,,2.5.3,,,,,,,,1.2.2,,,,,,true,,,,,,,true,,,,,true
http://xbox.com,29,20,3116731,,,,,,,,,1.8.5,1.7.2,,,,,,,,,,,,,,,true,,,,,,,,,,,,,,
http://2345.com,26,8,270716,,,,,,,,,,,,,,,,,,,,,,,,,,,,,,,,,,,,,,,
http://filehippo.com,30,13,607085,,,,,,,,,,1.7.1,,,,,,,,,,,,,,,,,true,,,,,,,,,,,,true
http://pcgames.com.cn,0,2,87469,,,,,,,,,,,,,,,,,,,,,,,,,,,,,,,,,,,,,,,
http://facenama.com,19,1,118546,,,,,,,,,,,,,,,,,,,,,,,,,,,,,,,,,,,,,,,
http://tradedoubler.com,36,15,1077128,,,,,,,,,,1.7.1,,,,,,,,,,,,,,,,,true,,,,,,,,,,,,
http://cbslocal.com,72,42,3338162,,,,,,,,,1.10.3,1.10.2,,,2.0.6,,,,,,,,,,,,true,,true,,,,,,,true,,,,,true
http://tokobagus.com,11,8,331828,,,,,,,,,,1.7.2,,,,,,,,,,,,,,,,,true,,,,,,,,,,,,true
http://theblaze.com,181,63,3201514,,,,,,,,,1.8.24,1.7.2,,,,,,,,,,,,,,true,true,,true,,,,,,,true,,,,,true
http://scoop.it,32,12,1307816,,,,,,,,true,1.8.24,1.10.2,,,,,,,,,,,,,,,,,true,,,,,,,,,,,,
http://intuit.com,26,18,1066756,,,,,,,,,,1.8.3,,,2.6.2,,,,,,,,,,,,,,true,,,,,,,,,,,,true
http://github.io,20,2,1949029,,,,,,,,,,1.10.2,,,,,,,,,,,,,,,,,,,,,,,,,,,,,
http://55bbs.com,108,14,1612693,,,,,,,,,,1.9.0,,,,,,,,,,,,,,,,,,,,,,,,,,,,,
http://templatemonster.com,56,40,3320749,,,,,,,,,1.8.17,1.6.1,,,,,,,,,,,,,,,,true,true,,,,,,,,,,,true,true
http://yellowpages.com,43,25,2178357,,1.1.0,,,,,,,,1.9.0,,,,,,,,,,,1.4.4,,,,true,,true,,,,,true,,,,,,,true
http://gawker.com,77,27,4112746,,1.0.0,,,,,,,,1.9.1,,,2.6.2,2.2.1,,,2.0.6,,,,1.5.2,,,true,true,,true,,,,,,,true,,,,,true
http://wunderground.com,72,37,1291214,,,,,,,,,@VERSION,1.7.2,,,2.6.2,,,,,,,,1.4.4,,,,true,,true,,,,,,,true,,,,,true
http://clarin.com,176,76,2132606,,,,,,,,,1.7,1.3.2,,,,,,,,,,,,,,true,,,true,,,,,,,,,,,,true
http://jquery.com,22,9,278126,,,,,,,,,,1.9.1,,,2.6.2,,,,,,,,,,,,,,true,,,,,,,,,,,,
http://all-free-download.com,69,2,688469,,,,,,,,,,,,,,,,,,,,,,,,,,,true,,,,,,,,,,,,
http://leo.org,27,4,112327,,,,,,,,,,,,,,,,,,,,,,,,,,,,,,,,,,,,,,,
http://amung.us,17,12,570728,,,,,,,,,,,,,,,1.4.1,,,,,,,,,,,,,,,,,,,,,,,,
http://dict.cc,25,6,292412,,,,,,,,,,,,,,,,,,,,,,,,,,,,,,,,,,,,,,,true
http://urbandictionary.com,33,14,1232946,,,,,,,,,,1.7.1,,,2.6.2,,,,,,,,,,,,,,true,,,,,,,true,,,,,
http://persianblog.ir,57,3,174374,,,,,,,,,,,,,,,,,,,,,,,,,,,true,,,,,,,,,,,,
http://pr-cy.ru,36,9,788947,,,,,,,,,,1.7.2,,,,,,,,,,,,,,,,,true,,,,,,,,,,,,
http://mercadolibre.com.ve,33,5,792765,,,,,,,,,1.10.0,1.8.3,,,,,,,,,,,,,,,,,true,,,,,,,,,,,,
http://turbobit.net,46,27,701014,,,,,,,,,1.7.3,1.7.2,,,,,,,,,,,,,,,,,true,,,,,,,,,,,,
http://marketwatch.com,3,0,13218,,,,,,,,,,,,,,,,,,,,,,,,,,,,,,,,,,,,,,,
http://outlook.com,6,6,227993,,,,,,,,,,,,,,,,,,,,,,,,,,,,,,,,,,,,,,,
http://staples.com,44,34,1844663,,,,,,,,,,1.7.1,,,2.6.2,,,,,,,,,,,,,,,,,,,,,,,,,,true
http://houzz.com,36,8,1310570,,,,,,,,,,1.7.1,,,,,,,,,,,,,,,true,,true,,,,,,,true,,,,,
http://softpedia.com,109,31,1736748,,,,,,,,,,,,,,,1.11,,,,,,,,,,,,true,,,,,,,,,,,,true
http://foxsports.com,69,53,2616004,,1.0.0,,,,,,true,1.10.3,1.8.3,,,2.7.1,2.1.0,,,2.1.4,,,,1.4.4,,,true,true,,true,,,,,,,,,,,,true
http://majesticseo.com,37,5,115674,,,,,,,,,1.8.8,1.7.2,,,,,,,,,,,,,,,,,,,,,,,,,,,,,
http://6.cn,58,11,1125397,,,,,,,,,,1.8.2,,,,,1.4.5,,,,,,,,,,,,,,,,,,,,,,,,
http://dreamstime.com,43,14,774537,,,,,,,,,,1.7.2,,,,,,,,,,,,,,,,,true,,,,,,,,,,,,true
http://tabnak.ir,157,9,1288434,,,,,,,,,,1.4.2,,,,,,,,,,,,,,,,,,,,,,,,,,,,,
http://mobile.de,20,17,579906,,,,,,,,,,1.8.3,,,,,,,,,,,,,,,,,true,,,,,,,,,,,,true
http://monster.com,56,20,717326,,,,,,,,,,1.4.2,,,,,,,,,,,,,,,,,,,,,,,,true,,,,,true
http://zimbio.com,81,13,3610664,,,,,,,,,,1.10.2,,,,,,,,,,,,,,,true,,true,,,,,,,true,,,,,true
http://zanox.com,65,10,928157,,,,,,,,,,1.10.2,,,,,,,,,,,,,,,,,true,,,,,,,,,,,,
http://europa.eu,2,2,207548,,,,,,,,,,,,,,,1.2.2,,,,,,,,,,,,,,,,,,,,,,,,
http://costco.com,64,28,2461803,,,,,,,,,1.10.1,1.10.2,,,,,,,,,,,,,,,,,,,,,,,,,,,,,
http://hidemyass.com,8,6,674885,,,,,,,,,,1.5.2,,,,,,,,,,,,,,,,,true,,,,,,,,,,,,true
http://dosearches.com,78,4,1530090,,,,,,,,,,1.9.1,,,,,,,,,,,,,,,,,,,,,,,,,,,,,
http://howstuffworks.com,220,19,1961953,,,,,,,,,,1.6.2,,,,,,,,,,,,,,,true,,true,,,,,,,true,,,,,
http://cnbc.com,83,44,2344104,,,,,,,,,,1.8.3,,,,,,,,,,,,,,true,true,,true,,,,,,,true,,,,,true
http://evernote.com,16,12,627094,,,,,,,true,,,1.9.1,,,,,,,,,,,,,,,,,true,,,,,,,,,,,,
http://56.com,191,23,1959286,,,,,,,,,,1.4.4,,,,,,,,,,,,,,,,,,,,,,,,,,,,,
http://fhserve.com,5,4,372705,,,,,,,,,,1.9.1,,,,,,,,,,,,,,,,,,,,,,,,,,,,,
http://viadeo.com,56,9,1252804,,,,,,,,,,1.10.2,,,,,,1.6.1,2.0.6,1.8.2,,,,,,,true,,true,,,,,,,,,,,,
http://ovh.net,1,2,99801,,,,,,,,,,,,,,,,,,,,,,,,,,,,,,,,,,,,,,,
http://agoda.com,79,23,2091378,,,,,,,,,1.8.13,1.7.1,,,,,,,,,,,,,,,,,true,,,,,,,,,,,,true
http://life.com.tw,102,22,3137164,,,,,,,,,,1.10.2,,,,,,,,,,,,,,,,,true,,,,,,,,,,,,true
http://lanacion.com.ar,92,45,2637762,,,,,,,,,,1.6.1,,,,,,,,,,,,,,,true,,true,,,,,,,,,,,,true
http://bhphotovideo.com,72,14,1821637,,,,,,,,,1.9.2,1.7.1,,,,,,,,,,,,,,,,,,,,,,,,,,,,true,true
http://cracked.com,86,24,2996764,,,,,,,,,,1.9.1,,,,,,,,,,,,,,,true,,true,,,,,true,,true,,,,,true
http://steamcommunity.com,8,6,218617,,,,,,,,,,1.8.3,,,,,,1.7,,1.8.1,,,,,,,,,true,,,,,,,,,,,,
http://custhelp.com,36,9,878745,,,,,,,,,1.9.2,1.7.1,,,,,,,,,,,,,,,,,,,,,,,,,,,,,
http://google.com.kw,5,2,249677,,,,,,,,,,,,,,,,,,,,,,,,,,,,,,,,,,,,,,,
http://haberturk.com,161,51,2570792,,,,,,,,,,1.7.2,,,,,,,,,,,,,,,true,,true,,,,,,,,,,,,
http://ca.gov,93,28,1721824,,,,,,,,,,1.6.1,,,2.0.6,,,,,,,,,,,,,,true,,,,,,,,,,,,
http://news.com.au,133,43,2892138,,,,,,,,,,1.6.4,,,,1.3.0,,,,,,,,,,true,,,true,,,,,,,,,,,,true
http://wired.com,123,39,4189900,,,,,,,,,,1.7.2,,,,,,,,,,,,,,true,true,,true,,,,,,,,,,,,true
http://sakura.ne.jp,157,19,1443989,,,,,,,,,1.10.3,1.8.3,,,,,1.4.5,,,,,,,,,,,,true,,,,,,,,,,,,
http://pixlr.com,17,0,978877,,,,,,,,,,,,,,,,,,,,,,,,,,,true,,,,,,,,,,,,
http://lequipe.fr,61,43,2215859,,,,,,,,,1.10.3,1.10.1,,,2.6.2,,,,,,,,,,,,,,,,,,,,,,,,,,
http://google.kz,4,2,205931,,,,,,,,,,,,,,,,,,,,,,,,,,,,,,,,,,,,,,,
http://squidoo.com,57,10,2921837,,,,,,,,,,1.7.1,,,,,,,,,,,,,,,true,,true,,,,,,,true,,,,,
http://npr.org,28,9,1058665,,1.0.0,,,,,,,,1.8.1,,,2.6.2,,,,2.1.5,,,,1.4.4,,,true,,,true,,,,,,,,,,,,true
http://slate.com,134,38,6251228,,,,,,,,,,1.10.2,,,2.6.1,,,,2.1.6,,,0.9.9,,,,true,,,,,,,,true,,,,,,,true
http://gamefaqs.com,41,24,1229906,,,,,,,,,1.10.3,1.8.2,,,2.6.2,,,,,,,,,,,,,,true,,,,,,,,,,,,true
http://jobrapido.com,5,4,597613,,,,,,,,,,1.9.1,,,,,,,,,,,,,,,true,,true,,,,,,,,,,,,true
http://barnesandnoble.com,31,9,1164125,,,,,,,,,,,,,,,,,,,,,,3.8.1,,,true,,,,,,,,,,,,,,true
http://adrotator.se,0,2,179235,,,,,,,,,,1.10.2,,,,,,,,,,,,,,,,,,,,,,,,,,,,,
http://google.bg,5,2,257136,,,,,,,,,,,,,,,,,,,,,,,,,,,,,,,,,,,,,,,
http://focus.de,131,39,2684314,,,,,,,,,,1.4.2,,,,,,,,,,,,,,,,,true,,,,,true,,,,,,,true
http://google.lk,3,2,226404,,,,,,,,,,,,,,,,,,,,,,,,,,,,,,,,,,,,,,,
http://mackolik.com,4,3,55909,,,,,,,,,,,,,,,,,,,,,,,,,true,,true,,,,,,,,,,,,
http://rednet.cn,0,0,1604,,,,,,,,,,,,,,,,,,,,,,,,,,,,,,,,,,,,,,,
http://traidnt.net,33,16,866663,,,,,,,,,1.8.9,1.7,,,,,,,,,,,,,,,,,true,,,,,,,,,,,,true
http://mirror.co.uk,191,48,3758421,,,,,,,,,,1.6.2,,,2.5.3,,,,,,,,,,,true,,,true,,,,,,,,,,,,true
http://google.co.nz,4,2,233481,,,,,,,,,,,,,,,,,,,,,,,,,,,,,,,,,,,,,,,
http://vk.me,11,7,498712,,,,,,,,,,,,,,,,,,,,,,,,,,,,,,,,,,,,,,,
http://xunlei.com,81,52,1407226,,,,,,,,,,1.8.2,,,,,,,2.0.6,,,,1.5.2,,,,true,,,,,,,,,,,,,,
http://tutsplus.com,43,27,1180563,,,,,,,,,,1.9.1,,,,,,,,,,,,,,,,,true,,,,,,,,,,,,
http://b5m.com,41,15,893438,,,,,,,,,,1.9.1,,,,,,,,,,,,,,,,,,,,,,,,,,,,,
http://eastday.com,3,0,44799,,,,,,,,,,1.4.4,,,,,,,,,,,,,,,,,,,,,,,,,,,,,
http://spankwire.com,75,22,2138627,,,,,,,,,1.10.3,1.10.2,,,,,,,,,,,,,,,,,true,,,,,,,,,,,,
http://allocine.fr,95,22,2812097,,,,,,,,,,1.10.2,,1.3.1,,,,,,,,,,3.4.1,,,true,,true,,,,,,,,,,,,
http://pcmag.com,153,50,6847794,,,,,,,,,,1.7.1,,,,,,,,,,,,,,,true,,true,,,,,true,,,,,,,true
http://cam4.com,78,11,1213099,,,,,,,,,1.8.2,1.4.2,,,,,,,,,,,,,,,,,true,,,,,,,,,,,,
http://renren.com,26,6,435299,,,,,,,,,,,,,,,,,,,,,,,,,true,,,,,,,,,,,,,,
http://m-w.com,66,29,1007107,,,,,,,,,,1.4.2,,,,,,,,,,,,,,,true,,true,,,,,,,true,,,,,true
http://ancestry.com,18,38,1199612,,,,,,,,,,1.7.1,,,,,,,,,,,,,,,,,true,,,,,,,,,,,,true
http://sulekha.com,74,36,3662181,,,,,,,,,1.8.24,1.7.1,,,2.6.2,,,,,,,,,,,,,,true,,,,,,,,,,,,true
http://jeuxvideo.com,61,23,1304920,,,,,,,,,,1.7.1,,,,,,,,,,,,,,,,,true,,,,,,,,,,,,true
http://wetransfer.com,25,9,399453,,,,,,,,,1.8.23,1.8.2,,,2.6.2,,,,,,,,,,,,,,true,,,,,,,true,,,,,
http://xtube.com,52,13,635988,,,,,,,,,,1.7.2,,,,,,,,,,,,,,,,,true,,,,,,,,,,,,
http://rottentomatoes.com,75,16,2483625,,1.0.0,,,,,,,1.10.0,1.7.2,,,,,,,,,,,1.4.3,,,,true,,true,,,,,,,true,,,,,true
http://126.com,10,6,527540,,,,,,,,,,,,,,,,,,,,,,,,,,,,,,,,,,,,,,,
http://r10.net,36,17,848692,,,,,,,,,,1.10.2,,,,,,,,,,,,,,,,,true,,,,,,,,,,,,true
http://bravotube.net,232,10,4742364,,,,,,,,,,1.8.1,,,,,,,,,,,,,,,,,true,,,,,,,,,,,,
http://indianrail.gov.in,25,3,77032,,,,,,,,,,,,,,,,,,,,,,,,,true,,,,,,,,,,,,,,
http://gogetlinks.net,29,7,366568,,,,,,,,,,1.2.6,,,,,,,,,,,,,,,,,,,,,,,,,,,,,
http://people.com,89,74,5163077,,,,,,,,,,1.6.1,,,1.7,,,,,,,,,,,true,true,,,,,,,true,,true,,,,,true
http://independent.co.uk,229,80,4579425,,,,,,,,,1.8.6,1.4.4,,,,,,,2.1.4,,,,,,,,,,true,,,,,,,true,,,,,true
http://lowes.com,0,0,262,,,,,,,,,,,,,,,,,,,,,,,,,,,,,,,,,,,,,,,
http://duckduckgo.com,3,2,234703,,,,,,,,,,,,,,,,,,,,,,,,,,,true,,,,,,,,,,,,
http://deezer.com,0,0,14,,,,,,,,,,,,,,,,,,,,,,,,,,,,,,,,,,,,,,,
http://linkwithin.com,5,0,212304,,,,,,,,,,,,,,,,,,,,,,,,,,,true,,,,,,,,,,,,
http://jvzoo.com,28,14,383298,,,,,,,,,1.9.2,1.8.3,,,2.0.6,,,,,,,,,,,,,,true,,,,,,,,,,,true,true
http://interia.pl,124,27,757948,,,,,,,,,,1.4.4,,,,,,,,,,,,,,,,,true,,,,,,,,,,,,true
http://stockstar.com,47,6,560820,,,,,,,,,,1.5.1,,,,,,,,,,,,,,,,,,,,,,,,,,,,,
http://today.com,29,13,393827,,0.3.3,,,,,,,,1.7.1,,,,,,,,,,,1.1.3,,,true,,,true,,,,,true,,true,,,,,true
http://letitbit.net,32,14,554490,,,,,,,,,1.8.23,1.8.3,,,,,,,,,,,,,,,,,true,,,,,,,,,,,,
http://gateable.com,0,0,0,,,,,,,,,,,,,,,,,,,,,,,,,,,,,,,,,,,,,,,
http://nhl.com,117,38,4190318,,,,,,,,,,1.10.1,,,2.0,,,,,,,,,,,,,,true,,,,,,,true,,,,,true
http://jqw.com,0,0,2672,,,,,,,,,,,,,,,,,,,,,,,,,,,,,,,,,,,,,,,
http://24h.com.vn,83,19,1581042,,,,,,,,,,,,,,,,,,,,,,,,,true,,true,,,,,,,,,,,,true
http://google.com.ec,4,2,261902,,,,,,,,,,,,,,,,,,,,,,,,,,,,,,,,,,,,,,,
http://worldstarhiphop.com,88,16,6572213,,,,,,,,,,,,,,,,,,,,,,,,,true,,true,,,,,,,true,,,,,true
http://anonym.to,18,2,259292,,,,,,,,,,,,,,,,,,,,,,,,,,,true,,,,,,,,,,,,
http://mama.cn,40,7,706904,,,,,,,,,,1.9.1,,,,,,,,,,,,,,,,,,,,,,,,,,,,,
http://sapo.pt,183,38,1998431,,,,,,,,,,,,,2.0.6,,,,,,,,,,,,,,,,,,,,,,,,,,
http://pcbaby.com.cn,47,7,372728,,,,,,,,,,,,,,,,,,,,,,,,,,,true,,,,,,,,,,,,
http://sex.com,88,11,24007943,,,,,,,,,1.10.3,1.10.2,,,,,,,,,,,,,,,,,true,,,,,,,,,,,,
http://bankmellat.ir,56,7,251851,,,,,,,,,,1.8.2,,,,,,,,,,,,,,,,,,,,,,,,,,,,,
http://thechive.com,205,92,6802060,,,,,,,,,,1.10.2,,,2.0.6,,,,,,,,,,,true,true,,true,,,,,,,true,,,,,true
http://battlefield.com,68,31,2040486,,,,,,,true,,,1.8.3,,,,,,,2.1.2,,,,,,,true,,true,true,,,,,true,,,,,,,true
http://ixxx.com,245,2,2032646,,,,,,,,,,1.9.1,,,,,,,,,,,,,,,,,true,,,,,,,,,,,,
http://linternaute.com,78,35,2711017,,,,,,,,,1.8.16,1.7.1,,,,,,,,,,,,,,,true,,true,,,,,,,,,,,,
http://searchengineland.com,75,46,2824160,,,,,,,,,,1.5.1,,,,,,1.7,,1.9.0,,,,,,true,,,true,,,,,,,true,,,,true,true
http://hotels.com,30,9,1596640,,,,,,,,,,1.8.3,,,,,,,,,,,,,,,,,true,,,,,,,,,,,,true
http://addmefast.com,18,18,538784,,,,,,,,,,1.7,,,,,,,,,,,,,,,,,true,,,,,,,,,,,,
http://chron.com,212,57,4218534,,,,,,,,,,1.7.1,,,,,,,,,,,,,,,,,true,,,,,true,,true,,,,,true
http://airtel.in,44,6,550787,,,,,,,,,,1.8.2,,,,,,,,,,,,,,,,,true,,,,,,,,,,,,true
http://americanas.com.br,58,18,2357418,,,,,,,,,,1.7.2,,,2.6.2,,,,2.1.8,,,,1.4.4,,,,,,,,,,,,,,,,,,true
http://premierleague.com,226,14,6478284,,,,,,,,,1.8.11,1.6.1,,,1.7,,,,,,,,1.1.7,,,,,,true,,,,,,,,,,,,
http://zazzle.com,55,4,2198214,,,,,,,,,,,,,,,,,,,,,,,,,,,,,,,,,,,,,,,true
http://ellechina.com,175,10,2400488,,,,,,,,,,1.7.1,,,,,,,,,,,,,,true,,,true,,,,,,,,,,,,true
http://sahadan.com,4,3,22088,,,,,,,,,,,,,,,,,,,,,,,,,,,true,,,,,,,,,,,,
http://fifa.com,92,14,1719778,,,,,,,,,,1.3.2,,,,,,1.5.1,,,,,,,,true,,,,,,,,,,,,,,,true
http://playstation.com,101,29,2751786,,,,,,,,,,1.7.2,,,2.6.2,,,,,,,,,,,,,,true,,,,,,,,,,,,true
http://ibm.com,42,21,1704582,,,,1.6.0-ibm (23843),,,,,,,,,,,,,,,,,,,,,,,,,,,,,,,,,,,
http://keezmovies.com,82,8,1935164,,,,,,,,,1.10.3,1.8.3,,,,,,,,,,,,,,,,,true,,,,,,,,,,,,
http://dhgate.com,25,6,484639,,,,,,,,,,1.5.2,,,,,,,,,,,,,,,,,true,,,,,,,,,,,,true
http://google.com.do,4,2,232120,,,,,,,,,,,,,,,,,,,,,,,,,,,,,,,,,,,,,,,
http://babycenter.com,33,26,1652094,,,,,,,,,,1.10.1,,,,,,,,,,,,,,,true,,,,,,,true,,true,,,,,true
http://nownews.com,132,50,1860151,,,,,,,,,,1.9.1,,,,,,,,,,,,,,,true,,true,,,,,,,,,,,,true
http://idealo.de,199,16,2190109,,,,,,,,,1.9.2,1.7.2,,,,,,,,,,,,,,,,,,,,,,,,,,,,,
http://prothom-alo.com,127,26,2570623,,,,,,,,,1.9.2,1.8.3,,,,,,,,,,,,,,,,,true,,,,,,,,,,,,true
http://keepvid.com,6,5,112981,,,,,,,,,,,,,,,,,,,,,,,,,,,,,,,,,,,,,,,
http://mega.co.nz,1,33,1077216,,,,,,,,,,,,,,,,,,,,,,,,,,,,,,,,,,,,,,,
http://jcpenney.com,31,36,1535712,,,,,,,,,,1.4.4,,,,,,,,,,,1.4.2,,,,,,,,,,,,,,,,,,
http://hm.com,6,6,655263,,,,,,,,,,1.7.2,,,,,,,,,,,,,,,,,true,,,,,,,,,,,,
http://shopclues.com,104,32,4045138,,,,,,,,,1.8.11,1.5.2,,,,,,,,,,,,,,,,,true,,,,,true,,,,,,true,true
http://cdiscount.com,148,26,2746674,,,,,,,,,,1.4.2,,,,,,,,,,,,,,,,,true,,,,,,,,,,,,true
http://shutterfly.com,119,29,2262169,,,,0.0.0dev (22487),,,,,,1.8.1,,,,,,,,,,,,,,,,,true,,,,,,,,,,,,true
http://yandex.com.tr,24,4,450706,,,,,,,,,,1.8.3,,,,,,,,,,,,,,,,,,,,,,,,,,,,,
http://whitepages.com,16,26,2108041,,,,,,,,,,1.8.3,,,,,,,,,,,,,,,true,,true,,,,,true,,true,,,,,true
http://heise.de,87,32,1080263,,,,,,,,,1.8.18,1.7.1,,,,,,,,,,,,,,,,,,,,,,,,,,,,,true
http://ria.ru,109,42,2035464,,,,,,,,,,1.8.3,,,2.6.2,,,,,,,,,,,,true,,true,,,,,,,,,,,,true
http://hespress.com,127,19,2151170,,,,,,,,,,,,,,,,1.6.1,,,,,,,,,,,true,,,,,,,,,,,,true
http://leagueoflegends.com,28,17,1669952,,,,,,,,,,1.8.2,,,2.6.2,,,,,,,,,,,,,,true,,,,,,,,,,,,
http://reverso.net,60,17,1182763,,,,,,,,,1.8.10,1.5.1,,,,,,,,,,,,,,,,,true,,,,,,,,,,,,true
http://prestashop.com,45,3,2703524,,,,,,,,,1.8.16,1.7.1,,,,,,,,,,,,,,,,,true,,,,,,,,,,,,
http://flipora.com,46,12,1832970,,,2.10.3,,,,,,,1.7.2,,,,,,,,,,,,,,,,,,,,,true,,,,,,,,
http://idnes.cz,96,18,883135,,,,,,,,,,,,,,,,,,,,,,,,,,,true,,,,,,,,,,,,
http://weheartit.com,27,30,3013349,,,,,,,,,1.9.2,1.7.1,,,,,,,,,,,,,,,true,,true,,,,,,,true,,,,,true
http://glassdoor.com,37,31,1773994,,,,,,,,,1.10.2,1.9.1,,,2.6.2,,,,2.1.9,,,,,,,,,,true,,,,,,,true,,,,,true
http://fatakat.com,37,5,420023,,,,,,,,,,1.3.2,,,,,,,,,,,,,,,,,true,,,,,,,,,,,,true
http://subito.it,14,3,102857,,,,,,,,,,,,,,,,,,,,,,,,,,,,,,,,,,,,,,,
http://immobilienscout24.de,37,31,1754344,,,,,,,,,,1.10.2,,,,,,,,,,,,3.13.0,,,,,,,,,,,,,,,,,true
http://nokia.com,57,17,1172340,,,,,,,,,,1.9.1,,,2.6.3,,,,,,,,,,,,,,,,,,,true,,,,,,,true
http://yoka.com,2,1,76928,,,,,,,,,,,,,,,,,,,,,,,,,,,,,,,,,,,,,,,
http://dx.com,144,23,1367404,,,,,,,,,,1.7,,,,,,,,,,,,,,,,,true,,,,,,,,,,,true,true
http://welt.de,121,71,5180455,,,,,,,,,1.8.18,1.7.1,,,,,,,2.1.6,,,,,,,,,,true,,,,,true,,,,,,,true
http://youtube-mp3.org,25,9,230508,,,,,,,,,,,,,,,,,,,,,,,,,,,true,,,,,,,,,,,,true
http://change.org,41,5,3014125,,,,,,,,,,,,2.4.0,,,,,,,,,2.4.0,,,,,,true,,,,true,,,,,,,,
http://ctrip.com,0,0,99798,,,,,,,,,,,,,,,,,,,,,,,,,,,,,,,,,,,,,,,
http://theverge.com,65,21,3623313,,1.0.0,,,,,true,true,1.10.3,1.10.2,,,2.6.2,,,1.6.1,,,,,1.5.2,,,true,true,,true,,,,,,,true,,,,,true
http://mpnrs.com,1,0,7176,,,,,,,,,,,,,,,,,,,,,,,,,,,,,,,,,,,,,,,
http://magentocommerce.com,34,13,1132107,,,,,,,,,1.8.11,1.7.1,,,,,,,,,,,,,,,,true,true,,,,,true,,,,,,,true
http://payoneer.com,66,19,1283639,,,,,,,,,1.8.9,1.7.1,,,,,,,,,,,,,,,,,true,,,,,,,true,,,,,true
http://tigerdirect.com,109,40,2686086,,,,,,,,,1.8.11,1.7.1,,,,,,,,,,,,,,,,,true,,,,,,,,,,,,true
http://logmein.com,11,11,851777,,,,,,,,,1.8.7,1.6.2,,,,,,,,,,,,,,,,,true,,,,,true,,,,,,,true
http://avast.com,23,13,1628418,,,,,,,,,,1.7.2,,,,,,,,,,,,,,,,true,true,,,,,,,,,,,,true
http://4399.com,157,9,957817,,,,,,,,,,1.2,,,,,,,,,,,,,,,,,,,,,,,,,,,,,
http://streamcloud.eu,0,0,162,,,,,,,,,,,,,,,,,,,,,,,,,,,,,,,,,,,,,,,
http://yandex.kz,41,5,723432,,,,,,,,,,1.8.3,,,2.6.2,,,,,,,,,,,,,,,,,,,,,,,,,,
http://hongkiat.com,125,114,7247237,,,,,,,,,,1.9.1,,,1.5,,,,,,,,,,,,true,,true,,,,,,,true,,,,,true
http://biglobe.ne.jp,0,7,373035,,,,,,,,,,1.4.2,,,,,,,,,,,,,,,,,,,,,,,,,,,,,
http://ebay.es,45,7,1378709,,,,,,,,,,1.7,,,,,,,,,,,,,,,,,,,,,,,,,,,,,true
http://dafont.com,21,10,362896,,,,,,,,,,,,,,,,,,,,,,,,,,,true,,,,,,,,,,,,true
http://screencast.com,33,11,1022007,,,,,,,,,1.8.11,1.7.1,,,,,,,,,,,,,,,,,true,,,,,,,,,,,,
http://digikala.com,148,18,1138551,,,,,,,,,1.10.2,1.7.2,,,,,,,,,,,,,,,,,true,,,,,,,,,,,,
http://shopathome.com,53,13,1878033,,,,,,,,,,1.7.2,,,,,,,,,,,,,,,,,true,,,,,true,,,,,,,true
http://sfr.fr,69,17,1676511,,,,,,,,,,,,,,,,,,,,,,,,,,,,,,,,,,,,,,,
http://biblegateway.com,17,12,915039,,,,,,,,,1.8.10,1.7.2,,,,,,,,,,,,,,,,,true,,,,,,,,,,,,
http://businessweek.com,75,41,3139661,,,,,,,,,1.8.16,1.7.2,,,1.7,,,,,,,,,,,true,true,,true,,,,,,,,,,,,true
http://bestblackhatforum.com,35,11,642240,,,,,,,,,,1.4.2,,,,,,1.7,,,,,,,,,,,,,,,,,,,,,,,
http://zoho.com,12,4,187089,,,,,,,,,,1.3.2,,,,,,,,,,,,,,,,,true,,,,,,,,,,,,true
http://nerdbux.com,21,10,721369,,,,,,,,,1.10.3,1.10.2,,,,,,,,,,,,,,,,,true,,,,,,,,,,,,
http://nikkei.com,36,12,1417169,,,,,,,,,1.10.1,1.9.1,,,,,,,,,,,,3.9.0,,,,,true,,,,,,,,,,,,true
http://trklnks.com,0,0,1537,,,,,,,,,,,,,,,,,,,,,,,,,,,,,,,,,,,,,,,
http://southwest.com,51,27,1599977,,,,,,,,,1.8.7,1.4.2,,,,,,,,,,,,,,,,,,,,,,,,,,,,,true
http://lapatilla.com,224,91,4606093,,,,,,,,,1.8.20,1.6.4,,,,,,,,,,,,,,,,,true,,,,,,,true,,,,,true
http://clicksor.com,21,9,298166,,,,,,,,,,1.5.2,,,,,,,,,,,,,,,,,true,,,,,,,,,,,,
http://priceline.com,22,18,1145012,,,,,,,,,1.10.3,1.9.1,,,2.6.2,,,,,,,,,,,,,,true,,,,,,,,,,,,true
http://buscape.com.br,43,27,2039046,,,,,,,,,,1.7.1,,,2.6.2,,,,,,,,,,,,,true,true,,,,,true,,,,,,,true
http://primewire.ag,45,8,1058380,,,,,,,,,,1.4.2,,,,,,,,,,,,,,,,,true,,,,,,,,,,,,
http://nypost.com,95,35,7825543,,,,,,,,,1.10.3,1.10.2,,,,,,,,,,,,,,true,,,true,,,,,,,true,,,,,
http://as.com,131,74,1819011,,,,,,,,,,1.8.2,,,,,,,,,,,,,,,,,true,,,,,,,true,,,,,true
http://privatehomeclips.com,103,19,2248278,,,,,,,,,,1.8.2,,,,,,,,,,,,,,,,,true,,,,,,,,,,,,
http://dmoz.org,5,1,104650,,,,,,,,,,,,,,,,,,,,,,,,,,,,,,,,,,,,,,,
http://gulfup.com,34,4,295307,,,,,,,,,,1.2.6,,,,,,,,,,,,,,,,,,,,,,,,,,,,,
http://adscale.de,10,7,153849,,,,,,,,,,1.6.1,,,,,,,,,,,,,,,,,true,,,,,,,,,,,,
http://nuvid.com,67,7,996128,,,,,,,,,,1.5.1,,,,,,,,,,,,,,,,,true,,,,,,,,,,,,
http://largeporntube.com,164,7,1869569,,,,,,,,,,,,,,,,,,,,,,,,,,,true,,,,,,,,,,,,
http://pinshan.com,163,17,1524551,,,,,,,,,,1.4.4,,,,,,,,,,,,,,,,,,,,,,,,,,,,,
http://qone8.com,2,3,163096,,,,,,,,,,1.9.1,,,,,,,,,,,,,,,,,,,,,,,,,,,,,
http://imagebam.com,14,9,276597,,,,,,,,,,1.5,,,,,,,,,,,,,,,,,,,,,,,,,,,,,
http://verizon.com,18,16,760602,,,,,,,,,,,,,,,1.2.5,,,,,,,,,,,,,,,,,,,,,,,,
http://dhl.de,28,9,496816,,,,,,,,,1.8.21,1.7.1,,,,,,,,,,,,,,,,,,,,,,,,,,,,,
http://maktoob.com,54,13,1152211,,,,,,,,,,,,,,,,,,,,,,3.4.0,,,true,,,,,,,,,,,,,,true
http://anysex.com,184,11,2313055,,,,,,,,,,1.8.3,,,,,,,,,,,,,,,,,true,,,,,,,,,,,,
http://infobae.com,99,57,4493576,,,,,,,,,,,,,2.6.2,,1.4.0,,,,,,,,,,,,true,,,,,,,,,,,,
http://smh.com.au,234,36,3894735,,,,,,,,,1.9.2,1.8.3,,,,,,,,,,,,,,true,,true,true,,,,,true,,,,,,,true
http://myegy.com,54,11,1896795,,,,,,,,,,,,,,,,,,,,,,,,,,,,,,,,,,,,,,,
http://usmagazine.com,141,53,10113916,,,,,,,,,,1.7.1,,,2.0.6,,,,,,,,,,,true,true,,true,,,,,true,,true,,,,,true
http://woot.com,45,8,1899170,,,,,,,,,,1.7.2,,,2.6.2,,,,,,,,,,,,,,true,,,,,,,true,,,,,true
http://india.com,29,5,481036,,,,,,,,,,1.10.2,,,,,,,,,,,,,,,true,,true,,,,,,,,,,,,true
http://google.rs,5,2,240138,,,,,,,,,,,,,,,,,,,,,,,,,,,,,,,,,,,,,,,
http://feedburner.com,5,0,75945,,,,,,,,,,,,,,,,,,,,,,,,,,,,,,,,,,,,,,,
http://novinky.cz,6,0,43576,,,,,,,,,,,,,,,,,,,,,,,,,,,,,,,,,,,,,,,
http://dealfish.co.th,17,12,821447,,,,,,,,,1.8.4,1.8.3,,,,,,,,,,,,,,,,,true,,,,,,,,,,,,true
http://milanuncios.com,19,0,94968,,,,,,,,,,,,,,,,,,,,,,,,,,,true,,,,,,,,,,,,
http://woorank.com,23,5,858177,,,,,,,,,,1.7.2,,,,,,,,,,,,,,,,,true,,,,,,,,,,,,
http://webhostingtalk.com,41,20,744208,,,,,,,,,1.8.18,1.7.1,,,,,,,,,,,,,,,,,true,,,,,,,,,,,,true
http://shopify.com,45,14,2956622,,,,,,,,,,1.7.1,,,2.6.2,,,,,,,,1.5.2,,,,,,true,,,,,true,,,,,,,true
http://sfgate.com,232,59,3152240,,,,,,,,,,1.7.1,,,,,,,,,,,,,,,,true,true,,,,,true,,true,,,,,true
http://wmmail.ru,70,3,149255,,,,,,,,,,,,,,,,,,,,,,,,,,,,,,,,,,,,,,,
http://pagesjaunes.fr,63,11,871999,,,,,,,,,,,,,,,,,,,,,,,,,,,,,,,,,,,,,,,
http://hi5.com,13,15,1316122,,,,,,,,,,1.9.0,,,,,,,,,,,,,,,true,,true,,,,,,,true,,,,,
http://google.com.ly,5,2,240147,,,,,,,,,,,,,,,,,,,,,,,,,,,,,,,,,,,,,,,
http://fool.com,57,37,1554092,,,,,,,,,,1.7.2,,,,,,1.7,2.0.0,,,,,,,,true,,true,,,,true,,,true,,,,,true
http://basecamp.com,7,3,192066,,,,,,,,true,,1.10.2,,,,,,,,,,,,,,,,,,,,,,,,,,,,,
http://yourlust.com,125,11,2710129,,,,,,,,,,1.4.1,,,,,,,,,,,,,,,,,true,,,,,,,,,,,,
http://digitalpoint.com,43,27,2753948,,,,,,,,,,1.10.2,,,,,,,,,,,,,,,,,true,,,,,,,,,,,,true
http://chinabyte.com,114,17,1418773,,,,,,,,,,1.10.2,,,,,,,,,,,,,,,,,true,,,,,,,,,,,,true
http://fnac.com,103,21,964293,,,,,,,,,,1.8.3,,,,,,,,,,,,,,,,,true,,,,,,,,,,,,true
http://grooveshark.com,26,9,1496614,,0.9.1,,,,,,,1.8.22,2.0.3,,2.1.0,,,,,,,,,2.1.0,,,,true,,true,,,,,,,,,,,,
http://pornhublive.com,64,4,1258817,,,,,,,,,,1.6.4,,,,,,,,,,,,3.3.0,,,,,true,,,,,,,,,,,,
http://ovh.com,67,5,906263,,,,,,,,,,,,,,,1.4.2,,,,,,,,,,,,,,,,,,,,,,,,
http://17ok.com,93,5,446678,,,,,,,,,,,,,,,,,,,,,,,,,,,,,,,,,,,,,,,
http://brainyquote.com,30,27,690121,,,,,,,,,,1.8.2,,,,,,,,,,,,,,,true,,true,,,,,,,true,,,,,true
http://prntscr.com,34,12,1196228,,,,,,,,,,1.8.2,,,,,,,,,,,,,,,,,true,,,,,,,,,,,,true
http://gittigidiyor.com,48,14,1024143,,,,,,,,,1.8.10,1.5.1,,,,,,,,,,,,,,,true,,true,,,,,,,true,,,,,true
http://google.hr,5,2,198178,,,,,,,,,,,,,,,,,,,,,,,,,,,,,,,,,,,,,,,
http://sitepoint.com,7,15,841776,,,,,,,,,,1.10.1,,,2.6.2,,,,,,,,,,,,,,true,,,,,,,,,,,,true
http://nationalgeographic.com,40,28,2949069,,1.0.0,,,,,,,,1.10.2,,,2.6.2,,,,2.1.9,,,,1.4.4,,,,true,true,true,,,,,,,true,,,,,true
http://yify-torrents.com,85,15,401606,,,,,,,,,,1.6.1,,,,,,,,,,,,,,,,,true,,,,,,,,,,,,true
http://en.wordpress.com,7,4,165369,,,,,,,,,,,,,2.6.2,,,,,,,,,,,,,,true,,true,,,,,,,,,,
http://porntube.com,30,20,1378153,,,,,,,,,,1.7.2,,,,,,,2.1.8,,,,,,,,,,true,,,,,,,,,,,,
http://adrotate.se,0,2,245023,,,,,,,,,,1.10.2,,,,,,,,,,,,,,,,,,,,,,,,,,,,,
http://viva.co.id,108,30,3203372,,,,,,,,,,1.6.1,,,,,,,,,,,,,,,true,,true,,,,,,,,,,,,true
http://mayoclinic.com,15,5,88363,,,,,,,,,,1.6.2,,,,,,,,,,,,,,,,,true,,,,,,,,,,,,
http://video-one.com,570,4,6472266,,,,,,,,,,1.4.2,,,,,,,,,,,,,,,,,true,,,,,,,,,,,,
http://careerbuilder.com,35,19,1331733,,,,,,,,,1.9.2,1.9.0,,,2.6.2,,,,,,,,,,,,true,,,,,,,,,,,,,,true
http://manta.com,34,13,612324,,,,,,,,,1.10.2,1.9.1,,,,,,,,,,,,,,,,,true,,,,,,,,,,,true,true
http://searchenginewatch.com,96,47,2859343,,,,,,,,,1.8.9,1.7.2,,,,,,,,,,,,,,,,,true,,,,,,,true,,,,,true
http://ppstream.com,39,6,376358,,,,,,,,,,1.9.1,,,,,,,2.1.8,,,,,,,,true,,,,,,,,,,,,,,
http://aftonbladet.se,257,60,3149512,,,,,,,,,,,,,2.0.6,,,,,,,,,3.12.0,,,,,true,,,,true,true,,,,,,,
http://viooz.co,46,16,1130245,,,,,,,,,1.8.11,1.6.1,,,,,,,,,,,,,,,true,,true,,,,,,,,,,,,
http://excite.co.jp,81,42,989201,,,,,,,,,,1.6.2,,,,,,,,,,,,,,,,,true,,,,,,,,,,,,true
http://kioskea.net,64,12,2136115,,,,,,,,,,1.8.2,,,,,,1.4.0_pre10_ajax,,,,,,,,,,,true,,,,,,,,,,,,true
http://pantip.com,15,13,651575,,,,,,,,,1.8.14,1.7.2,,,,,,,,,,,,,,,,,true,,,,,,,,,,,,
http://4chan.org,10,2,258009,,,,,,,,,,,,,,,,,,,,,,,,,,,true,,,,,,,,,,,,
http://gtmetrix.com,22,12,1414581,,,,,,,,,,1.7.2,,,,,,,,,,,,,,,,,true,,,,,,,,,,,,
http://kmart.com,119,68,4066876,,,,,,,,,,1.8.1,,,,,,,,,,,,,,,,,,,,,,,,,,,,,true
http://vice.com,121,61,7195992,,,,,,,,,1.10.3,1.10.2,,,2.6.2,,,,,,,,,,,true,true,,true,,,,,,,,,,,,true
http://dmm.com,98,14,1091894,,,,,,,,,,1.8.3,,,,,,,,,,,,,,,,,true,,,,,,,,,,,,
http://box.com,27,11,904972,,,,,,,,,,1.8.3,,,2.0.6,,,,,,,,,,,,,,true,,,,,,,,,,,true,true
http://microsoftstore.com,65,39,2352283,,,,,,,,,,1.7.1,,,2.6.2,,,,,,,,,,,,true,,,,,,,true,,,,,,,true
http://mediaset.it,119,18,1695995,,,,,,,,,,1.7.2,,,2.5.3,,,,,,,,,,,,true,,,,,,,,,,,,,,true
http://namecheap.com,21,13,1197087,,,,,,,,,,1.7.2,,,,,,,,,,,,,,,,,true,,,,,,,,,,,true,true
http://weather.gov,18,11,713103,,,,,,,,,,1.6.4,,,,,,,,,,,,,,,,,true,,,,,,,,,,,,
http://eventbrite.com,43,12,1780744,,1.0.0,,,,,,,1.8.18,1.7.2,,,,,,,2.1.8,,,,1.4.2,,,,,,true,,true,true,true,true,,,,,,,true
http://realtor.com,24,19,1607709,,,,,,,,,,1.10.2,,,,,,,,,,,,,,,true,,,,,,,true,,,,,,,true
http://cbs.com,84,22,2125189,,,,,,,,,,1.4.2,,,2.7.0,,,,,,,,,,,,,,true,,,,,,,,,,,,true
http://graphicriver.net,61,9,1354302,,,,,,,true,,,1.9.1,,,2.7.1,,,,,,,,1.5.1,,,,,,true,,,,,,,,,,,,true
http://pornerbros.com,72,21,2598537,,,,,,,,,,1.8.3,,,,,,,,,,,,,,,,,true,,,,,,,,,,,,true
http://dantri.com.vn,120,47,1846085,,,,,,,,,,1.4.2,,,,,,,,,,,,,,,,,true,,,,,,,,,,,,
http://ucoz.com,78,13,1262189,,,,,,,,,1.8.21,1.3.2,,,,,,,,,,,,,,,,,true,,,,,,,,,,true,,true
http://makemytrip.com,40,17,1645439,,,,,,,,,1.9.2,1.8.2,,,,,,,,,,,,,,,,,,,,,,,,,,,,,
http://gstatic.com,1,0,5123,,,,,,,,,,,,,,,,,,,,,,,,,,,,,,,,,,,,,,,
http://squarespace.com,22,17,3843794,,,,,,,,,,,,,1.6,,,,,,,,,3.10.1,,,,,true,,,,,,true,,,,,true,true
http://solarmovie.so,25,5,831055,,,,,,,,,1.10.3,2.0.3,,,,,,,,,,,,,,,,,,,,,,,,,,,,,
http://porn.com,63,9,1462493,,,,,,,,,1.10.1,1.9.1,,,,,,,,,0.9.11,,,,,,,,true,,,,,,,,,,,,
http://google.by,4,2,205372,,,,,,,,,,,,,,,,,,,,,,,,,,,,,,,,,,,,,,,
http://way2sms.com,2,4,173923,,,,,,,,,,,,,,,,,,,,,,,,,,,,,,,,,,,,,,,true
http://seekingalpha.com,43,26,2240882,,,,,,,,,,,,,,,,1.7.1,,,,,,,,true,true,,true,,,,,,,,,,,true,true
http://intel.com,73,23,4081760,,,,,,,,true,,1.10.1,,,2.6.2,,,,,,,,,,,,,,true,,,,,,,,,,,,true
http://zulily.com,149,26,5257511,,,,,,,,,1.8.7,1.7.1,,,,,,,,,,,,,,,,,true,,,,,,,,,,,,true
http://banglanews24.com,0,1,77235,,,,,,,,,,1.4.2,,,,,,,,,,,,,,,,,,,,,,,,,,,,,
http://xhamstercams.com,63,3,1481817,,,,,,,,,,1.6.4,,,,,,,,,,,,3.3.0,,,,,true,,,,,,,,,,,,
http://cafemom.com,113,42,1333374,,,,,,,,,,1.6.4,,,,,,,,,,,,,,,true,,true,,,,,,,,,,,,true
http://sueddeutsche.de,107,40,3090499,,,,,,,,,,,,,,2.0.0,,,,,,,,,,true,,,true,,,,,true,,,,,,,true
http://internetdownloadmanager.com,36,1,157201,,,,,,,,,,,,,,,,,,,,,,,,,,,,,,,,,,,,,,,
http://aparat.com,61,3,849993,,,,,,,,,,,,,,,,,,,,,,,,,,,true,,,,,,,,,,,,
http://ahrefs.com,43,10,772879,,,,,,,,,,1.10.2,,,,,,,,,,,,,,,,,true,,,,,,,,,,,,true
http://mgid.com,34,9,928134,,,,,,,,,,1.8.3,,,,,,,,,,,,,,,true,,true,,,,,,,true,,,,,
http://watchseries.lt,22,22,1413556,,,,,,,,,,1.6.1,,,,,,,,,,,,,,,,,true,,,,,,,,,,,,
http://bloglovin.com,12,6,1162804,,,,,,,,,,1.8.3,,,,,,,,,,,,,,,true,,true,,,,,,,true,,,,,
http://picmonkey.com,41,14,1729714,,0.9.10,,,,,,,,1.7.1,,,,,,,2.1.9,,,,1.4.3,,,,,,true,,,,,,,true,,,,,true
http://dubizzle.com,28,4,571406,,,,,,,,,,1.6.2pre,,,,,,,,,,,,,,,,,true,,,,,,,,,,,,
http://exblog.jp,114,50,3187508,,,,,,,,,,1.4.4,,,,,,,,,,,,,,,,,true,,,,,,,,,,,,true
http://united.com,79,25,1104001,,,,,,,,,1.10.0,1.9.1,,,,,,,,,,,,,,,,,true,,,,,,,,,,,,true
http://6pm.com,68,6,2787005,,,,,,,,,,1.7.2,,,,,,,,,,,,,,,,,true,,,,,,,,,,,,true
http://bitshare.com,36,4,395527,,,,,,,,,,1.4.2,,,,,,,,,,,,,,,,,true,,,,,,,,,,,,
http://wiocha.pl,84,32,2817088,,,,,,,,,,,,,,,,,,,,,,,,,,,true,,,,,,,,,,,,true
http://gismeteo.ru,79,48,889922,,,,,,,,,1.8.16,1.5.1,,,2.0.6,,,,,,,,1.3.1,,,,true,,true,,,,,,,,,,,,true
http://kdnet.net,80,21,1078851,,,,,,,,,,1.4.2,,,,,,,,,,,,,,,,,,,,,,,,,,,,,true
http://oyunskor.com,46,11,902801,,,,,,,,,,1.8.3,,,,,,,,,,,,,,,,,true,,,,,,,,,,,,true
http://mapquest.com,34,12,3322278,,0.9.10,,,,,,,1.9.2,1.8.2,,,,,,,,,,,1.4.4,,,,,,true,,,,,,,,,,,,true
http://distractify.com,69,17,1984467,,,,,,,,,,1.10.2,,,,,,,,,,,,,,true,true,,true,,,,,true,,true,,,,,true
http://pornmd.com,9,3,204670,,,,,,,,,,1.8.3,,,,,,,,,,,,,,,,,true,,,,,,,,,,,,
http://instructables.com,77,25,3038660,,,,,,,,,,1.10.2,,,,,,,,,,,,,,,true,,true,,,,,,,true,,,,,true
http://csdn.net,58,16,974701,,,,,,,,,,1.4.2,,,,,,,,,,,,,true,,,,true,,,,,,,,,,,,true
http://vente-privee.com,7,9,300543,,,,,,,,,,1.7.1,,,,,,,,,,,,,,,,,,,,,,,,,,,,,
http://aizhan.com,20,11,360972,,,,,,,,,,1.4.2,,,,,,,,,,,,,,,,,,,,,,,,,,,,,
http://mixi.jp,15,10,610048,,,,,,,,,,,,,,,,1.6.0.2,,,,,1.3.3,,,,,,,,,,,,,,,,,,
http://ticketmaster.com,0,0,438,,,,,,,,,,,,,,,,,,,,,,,,,,,,,,,,,,,,,,,
http://sky.com,36,16,3486571,,,,,,,true,,,1.10.2,,,,,,,2.1.5,,,,,,,,,,,,,,,,,,,,,,
http://youth.cn,237,9,2510926,,,,,,,,,,1.6,,,,,,,,,,,,,,,,,,,,,,,,,,,,,
http://nairaland.com,11,2,650028,,,,,,,,,,,,,,,,,,,,,,,,,,,true,,,,,,,,,,,,true
http://leadpages.net,60,33,2499394,,,,,,,,,,1.7.2,,,2.6.2,,,,,,,,,,,,,,true,,true,,,,,,,,,,
http://ashleyrnadison.com,5,8,184057,,,,,,,,,,1.2.6,,,,,,,,,,,,,,,,,true,,,,,,,,,,,,
http://inbox.com,24,3,166953,,,,,,,,,,,,,,,,,,,,,,,,,,,true,,,,,,,,,,,,
http://cheezburger.com,70,30,3954247,,,,,,,,,,1.9.0,,,2.6.2,,,,2.1.2,,,,,,,,true,,true,,,,,,,true,,,,,true
http://voc.com.cn,95,29,948955,,,,,,,,,,,,,,,,,,,,,,,,,,,,,,,,,,,,,,,
http://panet.co.il,67,22,652699,,,,,,,,,,1.3.2,,,,,,,,,,,,,,,,,true,,,,,,,,,,,,true
http://ensonhaber.com,149,22,3246008,,,,,,,,,,1.11.0-pre,,,2.6.2,,,,,,,,,,,,,,true,,,,,,,,,,,,true
http://searchnu.com,4,3,59154,,,,,,,,,,,,,,,,,,,,,,,,,,,true,,,,,,,,,,,,
http://forobeta.com,54,10,532184,,,,,,,,,,,,,,,,,,,,,,,,,,,true,,,,,,,,,,,,
http://walgreens.com,123,19,2058199,,,,,,,,,,1.5.1,,,,,,,,,,,,,,,,,,,,,,,,,,,,,true
http://gamespot.com,113,27,4005802,,0.9.2,,,,,,,1.8.23,1.8.3,,,2.6.2,,,,,,,,1.3.3,,,,,,true,,,,,,,,,,,,true
http://firstpost.com,60,46,2295583,,,,,,,,,,1.5.1,,,,,,,,,,,,,,true,true,,true,,,,,,,,,,,,true
http://gamestop.com,120,35,3552108,,,,,,,,,1.8.22,1.6.4,,,,,,,,,,,,,,,,,true,,,,,true,,,,,,true,true
http://qianyan001.com,117,35,2196334,,,,,,,,,,,,,,,,,,,,,,,,,,,,,,,,,,,,,,,true
http://rightmove.co.uk,21,12,806724,,,,,,,,,,1.8.3,,,,,,,,,,,,,,,true,,true,,,,,,,,,,,,
http://cbsnews.com,82,109,5152462,,,,,,,,,,1.8.3,,,,,,,2.1.2,,,,,,,,,,,,,,,,,,,,,,true
http://wmtransfer.com,65,8,232929,,,,,,,,,,1.4.4,,,,,,,,,,,,,,,,,true,,,,,,,,,,,,
http://comcast.com,32,41,1708460,,,,,,,,,,1.7.1,,,,,,,,,,,,,,,,,,,,,,,,,,,,,true
http://eluniversal.com.mx,182,41,1712024,,,,,,,,,1.8.17,1.7.1,,,,,,1.6.0.1,,,,,,,,,true,,true,,,,,,,true,,,,,true
http://ad4game.com,28,5,796075,,,,,,,,,,1.8.2,,,,,,,,,,,,,,,,,true,,,,,,,,,,,,true
http://chinatimes.com,133,36,3837799,,,,,,,,,1.9.2,1.7.1,,,,,,,,,,,,,,,true,,true,,,,,,,,,,,,true
http://cbc.ca,48,42,2293723,,,,,,,,,,,,,2.6.2,,,,,,,,,3.11.0,,,,,,,,,,,,,,,,,true
http://correios.com.br,59,11,1933897,,,,,,,,,1.8.16,1.6.2,,,,,,,,,,,,,,,,,,,,,,,,,,,,,
http://victoriassecret.com,46,12,1348192,,,,,,,,true,,1.9.0,,,2.6.2,,,,2.1.8,,,,,,,,,,,,,,,,,,,,,,true
http://mbc.net,140,41,6948497,,,,,,,,,1.8.16,1.6.1,,,1.7,,,,,,,,,,,,,,true,,,,,,,,,,,,true
http://ebay.ca,84,10,1771585,,,,,,,,,,1.7,,,,,,,,,,,,,,,,,,,,,,,,,,,,,true
http://woothemes.com,14,37,1496590,,,,,,,,,,1.8.3,,,,,,,,,,,,,,,,,,,true,,,,,,,,,,
http://1und1.de,46,8,998233,,,,,,,,,,,,,,,,,,,,,,,,,,,,,,,,,,,,,,,true
http://elegantthemes.com,20,0,224044,,,,,,,,,,,,,,,,,,,,,,,,,,,true,,,,,,,,,,,,
http://miniclip.com,100,32,3425864,,,,,,,,,,1.7.2,,,,,,,,,,,,,,,,,true,,,,,,,,,,,,true
http://forexfactory.com,22,10,981201,,,,,,,,,1.9.2,1.8.3,,,2.6.1,,,,,,,,,,,,,,true,,,,,,,,,,,,true
http://makeuseof.com,57,37,4562947,,,,,,,,,1.10.2,1.9.1,,,1.6ish: miniModernizr for Isotope,2.3.1,,,,,,,,,,,,true,true,,,,,,,,,,,,true
http://mysql.com,36,8,532164,,,,,,,,,,,,,,,,,,,,,,,,,,,,,,,,,,,,,,,
http://bahn.de,73,7,2524948,,,,,,,,,1.9.0,1.8.2,,,,,,,,,,,,,,,,,,,,,,,,,,,,,
http://pingdom.com,62,20,1408269,,,,,,,,,,1.9.1,,,2.6.2,,,,,,0.9.10,,,,,,,,true,,true,,,,true,,,,,true,true
http://indianexpress.com,176,47,3577525,,,,,,,,,,1.9.0,,,,,,,,,,,,,,true,true,,true,,,,,,,,,,,,true
http://tinypic.com,45,22,608922,,,,,,,,,,1.3.2,,,,,,,,,,,,,,,true,,true,,,,,,,true,,,,,true
http://tribalfusion.com,10,0,41617,,,,,,,,,,,,,,,,,,,,,,,,,,,,,,,,,,,,,,,
http://114la.com,115,8,1608693,,,,,,,,,,1.4.4,,,,,,,,,,,,,,,,,,,,,,,,,,,,,
http://thehindu.com,89,53,3177700,,,,,,,,,1.7.2,1.4.2,,,,,,,,,,,,,,,true,,true,,,,,,,,,,,,true
http://billdesk.com,25,2,39870,,,,,,,,,,,,,,,,,,,,,,,,,,,,,,,,,,,,,,,
http://mangareader.net,12,8,490746,,,,,,,,,,1.4.4,,,,,,,,,,,,,,,,,true,,,,,,,,,,,,
http://ustream.tv,31,1,182912,,,,,,,,,@VERSION,1.7.1,,,,,,,almond.js,,,,,,,,true,,true,,,,,true,,true,,,,true,true